psNumber,title,organisation,department,category,theme,submitted,cap,deadline,youtube,dataset
SIH26001,AI-Based early warning and landslide Risk Monitoring System in NER,Ministry of Development of North Eastern Region (MDoNER),Ministry of Development of North Eastern Region (MDoNER),Software,Disaster Management,20,500,30 September 2026,,
SIH26002,Al-Based Smart Logistics and Accessibility Intelligence Platform for North Eastern Region (NER),Ministry of Development of North Eastern Region (MDoNER),Ministry of Development of North Eastern Region (MDoNER),Software,Transportation & Logistics,9,500,30 September 2026,,
SIH26003,AI-Based Cognitive Gaming and Memory Assistance Platform for Elderly Dementia Patients in North Eastern Region (NER),Ministry of Development of North Eastern Region (MDoNER),Ministry of Development of North Eastern Region (MDoNER),Software,MedTech / BioTech / HealthTech,8,500,30 September 2026,,
SIH26004,Al-Assisted Early Detection System for Osteoarthritis (OA) Risk Markers in North Eastern Region (NER),Ministry of Development of North Eastern Region (MDoNER),Ministry of Development of North Eastern Region (MDoNER),Hardware,MedTech / BioTech / HealthTech,1,500,30 September 2026,,
SIH26005,Solar-Powered Smart Mini Cold Storage System for Fresh Vegetables in North Eastern Region (NER),Ministry of Development of North Eastern Region (MDoNER),Ministry of Development of North Eastern Region (MDoNER),Hardware,"Agriculture, FoodTech & Rural Development",3,500,30 September 2026,,
SIH26006,Development of an Intelligent Freight Forecasting Model for Optimized Vessel Chartering and Bulk Cargo Procurement from overseas to East Coast of India,Ministry of Steel,SAIL,Software,Transportation & Logistics,4,500,30 September 2026,,
SIH26007,Safe and Efficient Operation of Mine Vehicles in Fog and Low-Visibility Conditions in Open Cast Iron Ore Mines.,Ministry of Steel,NMDC,Hardware,Smart Automation,2,500,30 September 2026,,
SIH26008,Belt Joint Rupture and Conveyor Belt Damages in Iron Ore Mining Industry: Intelligent Monitoring and Prediction of Conveyor Belt Joint Rupture and Damages in Iron Ore Mining Industry.,Ministry of Steel,NMDC,Hardware,Smart Automation,3,500,30 September 2026,,
SIH26009,Using AI/ML and Space Technology to Identify Manganese Reserves and Overcome Production Shortfalls.,Ministry of Steel,MOIL Ltd.,Software,Space Technology,0,500,30 September 2026,,
SIH26010,Survey/Resurvey of Rural Agricultural Land in lndia,Ministry of Rural Development,Dept of land resources (DoLR),Hardware,"Agriculture, FoodTech & Rural Development",1,500,30 September 2026,,
SIH26011,3D ULPIN Generation and vertical Property Mapping SYstem,Ministry of Rural Development,Dept of land resources (DoLR),Software,Smart Automation,0,500,30 September 2026,,
SIH26012,AI-Based Automated Urban Parcel Mapping and Cadastral Feature Extraction System using Drone lmagery,Ministry of Rural Development,Dept of land resources (DoLR),Software,Smart Automation,0,500,30 September 2026,,
SIH26013,Automated lntegration and lntelligent Harmonization of Multi-source Geospatial Data for urban Land Record Management.,Ministry of Rural Development,Dept of land resources (DoLR),Software,Smart Automation,0,500,30 September 2026,,
SIH26014,An lntegrated GIS-based Digital Public lnfrastructure for Land Governance,Ministry of Rural Development,Dept of land resources (DoLR),Software,"Agriculture, FoodTech & Rural Development",1,500,30 September 2026,,
SIH26015,Application of Geospatial Techniques for visualization and analysis to interpret Geo-Coded lmages to enhance watershed Development Outcomes.,Ministry of Rural Development,Dept of land resources (DoLR),Software,"Agriculture, FoodTech & Rural Development",1,500,30 September 2026,,
SIH26016,Real-Time National Land Acquisition & Management System for End-to-End Digital Monitoring and Decision Support,Ministry of Rural Development,Dept of land resources (DoLR),Software,Smart Automation,2,500,30 September 2026,,
SIH26017,Predictive Analytics System for Early Detection of Land Acquisition Delays,Ministry of Rural Development,Dept of land resources (DoLR),Software,Smart Automation,1,500,30 September 2026,,
SIH26018,Intelligent Land Record Digitization and Validation System,Ministry of Rural Development,Dept of land resources (DoLR),Software,Smart Automation,5,500,30 September 2026,,
SIH26019,"National Digital Platform for Research, Policy Innovation, and Evidence-Based Land Governance",Ministry of Rural Development,Dept of land resources (DoLR),Software,Smart Automation,0,500,30 September 2026,,
SIH26020,Design and Development of Innovative Hand-Spinning Equipment for Enhancing Khadi Artisan Productivity and Income,Ministry of MSME,Coordination Section,Hardware,"Agriculture, FoodTech & Rural Development",0,500,30 September 2026,,
SIH26021,Honey Chain: A block chain-based system for honey traceability and smart beekeeping management.,Ministry of MSME,Coordination Section,Software,"Agriculture, FoodTech & Rural Development",2,500,30 September 2026,,
SIH26022,"Design and develop a smart, solar-powered drying and compact packaging system to support home-based agarbatti manufacturing by rural women artisans.",Ministry of MSME,Coordination Section,Hardware,"Agriculture, FoodTech & Rural Development",2,500,30 September 2026,,
SIH26023,"AI-Powered Geological, Mining and other Reporting Solution for CMPDI/CIL subsidiaries",Ministry of Coal,Coal India Limited,Software,Smart Automation,0,500,30 September 2026,,
SIH26024,AI-Based Smart Governance and Compliance Monitoring System for Coal Mines,Ministry of Coal,Coal India Limited,Software,Smart Automation,3,500,30 September 2026,,
SIH26025,"Development of an AI-enabled Low Cost Real Time Mine Subsidence Monitoring, Prediction and Early Warning System for Underground Coal Mines in India",Ministry of Coal,Coal India Limited,Hardware,Smart Automation,3,500,30 September 2026,,
SIH26026,Development of Mobile (Quadruped)/Handheld Device/System for Real-Time Detection of Narcotics and Explosives across Indian Railways.,Ministry of Railways,Ministry of Railways,Hardware,Blockchain & Cybersecurity,1,500,30 September 2026,,
SIH26027,Al-Powered Automatic Block Planning to Maximize Asset Availability for Train Operations on Indian Railways,Ministry of Railways,Ministry of Railways,Software,Transportation & Logistics,3,500,30 September 2026,,
SIH26028,Dynamic Forecast of Expected Time of Arrival (ETA) for Coaching Trains,Ministry of Railways,Ministry of Railways,Software,Smart Automation,5,500,30 September 2026,,
SIH26029,Automated High-Current Short-Circuit Test System for IEC 60898-1:2015 MCB Compliance.,"Ministry of Consumer Affairs, Food & Public Distribution",Department of Consumer Affairs (DoCA),Hardware,Smart Automation,1,500,30 September 2026,,
SIH26030,Automated Cable Specimen Preparation System for IS 10810 and IS 7098 Compliance.,"Ministry of Consumer Affairs, Food & Public Distribution",Department of Consumer Affairs (DoCA),Hardware,Smart Automation,0,500,30 September 2026,,
SIH26031,"Quality assessment and grading of onions are often subjective and vary across procurement centers, resulting in disputes and inconsistencies.","Ministry of Consumer Affairs, Food & Public Distribution",Department of Consumer Affairs (DoCA),Software,Smart Automation,2,500,30 September 2026,,
SIH26032,"Farmers often face long waiting times, lack of information regarding procurement schedules, and uncertainty about procurement status.","Ministry of Consumer Affairs, Food & Public Distribution",Department of Consumer Affairs (DoCA),Software,Smart Automation,12,500,30 September 2026,,
SIH26033,Multiple intermediaries reduce farmers earnings and increase consumer prices.,"Ministry of Consumer Affairs, Food & Public Distribution",Department of Consumer Affairs (DoCA),Software,"Agriculture, FoodTech & Rural Development",9,500,30 September 2026,,
SIH26034,"Software System to check compliance of Packaged Commodities under Legal Metrology(Packaged Commodities) Rules, 2011 by scanning products, images and labels.","Ministry of Consumer Affairs, Food & Public Distribution",Department of Consumer Affairs (DoCA),Software,Miscellaneous,11,500,30 September 2026,,
SIH26035,Development of a Software Program/Application for Generation of Test Reports for Non-Automatic Weighing Instruments (NAWI) as per OIML Recommendation R- 76,"Ministry of Consumer Affairs, Food & Public Distribution",Department of Consumer Affairs (DoCA),Software,Miscellaneous,1,500,30 September 2026,,
SIH26036,Development of an Online Verification System for Weighing and Measuring Instruments,"Ministry of Consumer Affairs, Food & Public Distribution",Department of Consumer Affairs (DoCA),Software,Miscellaneous,1,500,30 September 2026,,
SIH26037,Adaptive Path Planning and Collision Avoidance for Autonomous Vehicles on Unstructured Indian Roads,MathWorks,MathWorks,Software,Smart Vehicles,1,500,30 September 2026,,
SIH26038,Explainable AI for Diabetic Retinopathy Screening in Rural India,MathWorks,MathWorks,Software,MedTech / BioTech / HealthTech,5,500,30 September 2026,,
SIH26039,"Al-Powered Underground Mine Safety, Monitoring and Rescue System.",Government of Jharkhand,Department of Higher & Technical Education,Hardware,Smart Automation,1,500,30 September 2026,,
SIH26040,Smart Water Purification and Quality Monitoring System for Rural and Mining-Affected Areas.,Government of Jharkhand,Department of Higher & Technical Education,Hardware,Clean & Green Technology,10,500,30 September 2026,,
SIH26041,AR-Based Vocational Training Simulator for Industrial Safety in Jharkhand's Mining & Manufacturing Sector,Government of Jharkhand,Department of Higher & Technical Education,Software,Smart Education,0,500,30 September 2026,,
SIH26042,Al-Powered Vernacular Pedagogy and Real-Time Translation Tool for Mother Tongue-Based Primary Education,Government of Jharkhand,Department of Higher & Technical Education,Software,Smart Education,6,500,30 September 2026,,
SIH26043,A digital platform to crowdsource societal challenges and facilitate collaborative problem solving through universities and industry partnerships,Government of Jharkhand,Department of Higher & Technical Education,Software,Smart Education,5,500,30 September 2026,,
SIH26044,"Portal for Academia - Industry collaboration for Skill Mapping, Internships and Placement",Ministry of Ayush,All India Institute of Ayurveda,Software,Smart Automation,16,500,30 September 2026,,
SIH26045,"IP-SAKTI Sahayak a multilingual, RAG-based (source-cited) AI assistant for Intellectual Property and regulatory guidance in Ayurveda, across national and international regimes.",Ministry of Ayush,All India Institute of Ayurveda,Software,MedTech / BioTech / HealthTech,5,500,30 September 2026,,
SIH26046,"AIIA Clinical Trials Dashboard - a real-time, cloud-based, GCP-compliant Clinical Trial Management System (CTMS) for Ayurveda research, with CDISC/FHIR-interoperable data, role-based KPIs, and integrated ethics, regulatory (CTRI / NDCT Rules 2019) and pharma covigilance tracking.",Ministry of Ayush,All India Institute of Ayurveda,Software,MedTech / BioTech / HealthTech,1,500,30 September 2026,,
SIH26047,Patient Case-Taking Software,Ministry of Ayush,All India Institute of Ayurveda,Software,MedTech / BioTech / HealthTech,23,500,30 September 2026,,
SIH26048,"iKwath - a pod-based smart Kwatha (Kadha) maker that prepares a fresh, AFI/API-standardized decoction from coarse powder (yavaku?a c?r?a) on demand, in the shortest practical time without altering the decoctions quality or yield",Ministry of Ayush,All India Institute of Ayurveda,Hardware,MedTech / BioTech / HealthTech,0,500,30 September 2026,,
SIH26049,"Modifications to improve the reliability, efficiency,and lifespan of electrical and electronic equipment and systems in the ambient condition of subzero temperature and low pressure of High Altitude Areas(HAA) and Super High Altitude Areas (SHAA) of Ladakh region.",DRDO,Department of Defence Production /IDEX,Hardware,Smart Automation,1,500,30 September 2026,,
SIH26050,High Altitude Performance Optimization and Robust Design of Anti-Drone System.,DRDO,Department of Defence Production /IDEX,Hardware,Robotics and Drones,3,500,30 September 2026,,
SIH26051,Software Based Model Development for Design of Area Specific Shelter for Thermal Comfort Maintenance.,DRDO,Department of Defence Production /IDEX,Software,Miscellaneous,2,500,30 September 2026,,
SIH26052,"To develop an AI/ML-enabled adaptive noise cancellation (ANC) system that effectively suppresses stationary, non-stationary, and impulsive defence noises while maintaining high speech intelligibility and real-time performance on embedded hardware.",DRDO,Department of Defence Production /IDEX,Hardware,Miscellaneous,3,500,30 September 2026,,
SIH26053,Adaptive Variable Resolution 2.5D Lidar Mapping for Dynamic Environment Perception,DRDO,Department of Defence Production /IDEX,Software,Smart Vehicles,2,500,30 September 2026,,
SIH26054,"AI-Enabled Real-Time Digital Twin System for Health Monitoring, Fault Prediction and Mission Reliability Enhancement of Aero Piston Engines used in MALE UAVs.",DRDO,Department of Defence Production /IDEX,Software,Robotics and Drones,2,500,30 September 2026,,
SIH26055,Smart Scan strategy for Electronic Warfare,DRDO,Department of Defence Production /IDEX,Software,Robotics and Drones,1,500,30 September 2026,,
SIH26056,Development of a Real-time Airfare Price Index for India through Automated Web Scraping of Airline and Online Travel Aggregator Portals for Augmentation of the Consumer Price Index (CPI).,MoSPI,Data Informatics & Innovation Division (DIID),Software,Smart Automation,2,500,30 September 2026,,https://esankhyiki.mospi.gov.in
SIH26057,AI-Powered Automated Underwater Marine Debris and Anomaly Detection System using Side-Scan Sonar Imagery,Ministry of Earth Sciences (MoES),National Institute of Ocean Technology (NIOT),Software,Disaster Management,1,500,30 September 2026,,
SIH26058,"Development of a Low-Power, Real-Time Adaptive Software-Defined Sonar Transmitter Payload for Autonomous Underwater Vehicles (AUVs)",Ministry of Earth Sciences (MoES),National Institute of Ocean Technology (NIOT),Hardware,Robotics and Drones,1,500,30 September 2026,,
SIH26059,"AI-Enabled Antarctic Sea-Ice, Iceberg Trajectory, and Navigation Decision Support System",Ministry of Earth Sciences (MoES),National Centre for Polar andOcean Research (NCPOR),Software,Transportation & Logistics,2,500,30 September 2026,,
SIH26060,Digital Platform for efficient remote management of Indian Antarctic Research Stations,Ministry of Earth Sciences (MoES),National Centre for Polar andOcean Research (NCPOR),Software,Smart Automation,1,500,30 September 2026,,
SIH26061,AI-Driven Smart Energy Management System for Polar Research Stations,Ministry of Earth Sciences (MoES),National Centre for Polar andOcean Research (NCPOR),Software,Clean & Green Technology,2,500,30 September 2026,,
SIH26062,Integrated Polar Expedition Logistics and Asset Management System,Ministry of Earth Sciences (MoES),National Centre for Polar andOcean Research (NCPOR),Software,Smart Automation,0,500,30 September 2026,,
SIH26063,"Integrated Polar Science Outreach, Knowledge Repository and Media Dissemination Portal",Ministry of Earth Sciences (MoES),National Centre for Polar andOcean Research (NCPOR),Software,Smart Education,0,500,30 September 2026,,
SIH26064,Low-Cost Deployable Seafloor Metal Detection Sensor for Ocean Resource Exploration,Ministry of Earth Sciences (MoES),National Centre for Polar andOcean Research (NCPOR),Hardware,Robotics and Drones,1,500,30 September 2026,,
SIH26065,Autonomous Low-Cost Ocean Observation Platform for Polar and Southern Oceans,Ministry of Earth Sciences (MoES),National Centre for Polar andOcean Research (NCPOR),Hardware,Robotics and Drones,1,500,30 September 2026,,
SIH26066,OceanEmbed - Satellite Embedding-Based Deep Learning Framework for Reconstruction of Subsurface Ocean Temperature from Surface Satellite Observations.,Ministry of Earth Sciences (MoES),Indian National Centre for Ocean Information Services (INCOIS) Ocean Valley,Software,Disaster Management,1,500,30 September 2026,,
SIH26067,Develop a web-based interactive 3D visualization platform that integrates numerical ocean model outputs and in-situ observations.,Ministry of Earth Sciences (MoES),Indian National Centre for Ocean Information Services (INCOIS) Ocean Valley,Software,Disaster Management,1,500,30 September 2026,,
SIH26068,"WeatherGPT: Conversational AI for Weather Forecasting, Alerts, and Climate Information",Ministry of Earth Sciences (MoES),India Meteorological Department,Software,Disaster Management,17,500,30 September 2026,,
SIH26069,National Weather Big Data Analytics Platform,Ministry of Earth Sciences (MoES),India Meteorological Department,Software,Disaster Management,0,500,30 September 2026,,
SIH26070,"To develop an Artificial Intelligence (AI) / Machine Learning (ML) based system for identification, classification, and prediction of different tropical cyclone patterns using multi-source satellite data.",Ministry of Earth Sciences (MoES),India Meteorological Department,Software,Disaster Management,1,500,30 September 2026,,
SIH26071,"AI/ML-Based Integrated heavy rainfall Early Warning and Inundation Prediction System using Satellite, Radar, observational Weather and numerical weather prediction model data.",Ministry of Earth Sciences (MoES),India Meteorological Department,Software,Disaster Management,3,500,30 September 2026,,
SIH26072,"AIML based Nowcasting of thunderstorm and lightning using atmospheric observation including multiple radars, satellite, lightning and model data.",Ministry of Earth Sciences (MoES),India Meteorological Department,Software,Disaster Management,0,500,30 September 2026,,
SIH26073,AI/ML-Based Intelligent Anomaly Detection for Automatic Weather Stations (AWS),Ministry of Earth Sciences (MoES),India Meteorological Department,Software,Disaster Management,1,500,30 September 2026,,
SIH26074,Downscaling of weather forecast from Block level to Panchayat level: Inferring high-resolution plots/ data/ information from low-resolution plot /data /information /variables for agro-meteorological advisory services.,Ministry of Earth Sciences (MoES),India Meteorological Department,Software,"Agriculture, FoodTech & Rural Development",1,500,30 September 2026,,
SIH26075,"Participants are invited to design and develop **CAPACITY CONNECT A Digital Capacity Building and Learning Management Portal** to support organizational training, competency development, and knowledge sharing through a centralized web-based platform.",Ministry of Earth Sciences (MoES),India Meteorological Department,Software,Smart Education,5,500,30 September 2026,,
SIH26076,Development of personalized homepage for 'Mausam' mobile application:,Ministry of Earth Sciences (MoES),India Meteorological Department,Software,Smart Automation,2,500,30 September 2026,,
SIH26077,AI-Driven Hyper-Local Early Warning System for Severe Weather Nowcasting,Ministry of Earth Sciences (MoES),National Centre for Medium Range Weather Forecasting (NCMRWF),Software,Disaster Management,0,500,30 September 2026,,
SIH26078,AI-Driven Spatio-Temporal Tracking of Extreme Weather Anomalies in Medium-Range Forecasts,Ministry of Earth Sciences (MoES),National Centre for Medium Range Weather Forecasting (NCMRWF),Software,Smart Automation,0,500,30 September 2026,,
SIH26079,AI-Based Forecast Bust Detection for Medium-Range Weather Forecasts,Ministry of Earth Sciences (MoES),National Centre for Medium Range Weather Forecasting (NCMRWF),Software,Smart Automation,0,500,30 September 2026,,
SIH26080,Regime-Aware AI Post-Processing of Monsoon Rainfall Forecasts,Ministry of Earth Sciences (MoES),National Centre for Medium Range Weather Forecasting (NCMRWF),Software,Smart Automation,0,500,30 September 2026,,
SIH26081,Hybrid AI–NWP Multi-Model Forecast Blending System,Ministry of Earth Sciences (MoES),National Centre for Medium Range Weather Forecasting (NCMRWF),Software,Disaster Management,0,500,30 September 2026,,
SIH26082,Air Pollution–Weather Coupled Forecasting System (Delhi NCR Focus),Ministry of Earth Sciences (MoES),National Centre for Medium Range Weather Forecasting (NCMRWF),Software,Clean & Green Technology,0,500,30 September 2026,,
SIH26083,Extreme Heatwave Early Warning and Human Thermal Stress Index,Ministry of Earth Sciences (MoES),National Centre for Medium Range Weather Forecasting (NCMRWF),Software,Disaster Management,3,500,30 September 2026,,
SIH26084,"Convective scale nowcasting for Thunderstorms, Hail & Cloudbursts (06 hr)",Ministry of Earth Sciences (MoES),National Centre for Medium Range Weather Forecasting (NCMRWF),Software,Disaster Management,0,500,30 September 2026,,
SIH26085,Urban Flood Nowcasting System (Drainage and Rainfall Coupling),Ministry of Earth Sciences (MoES),National Centre for Medium Range Weather Forecasting (NCMRWF),Software,Disaster Management,3,500,30 September 2026,,
SIH26086,Hyperlocal Monsoon Onset & Break Prediction System (Block/Village Scale),Ministry of Earth Sciences (MoES),National Centre for Medium Range Weather Forecasting (NCMRWF),Software,"Agriculture, FoodTech & Rural Development",0,500,30 September 2026,,
SIH26087,"AI & LMS - Enabled Cooperative Capacity Building, ERP & Employment Ecosystem",Ministry of Cooperation,National Council for Cooperative Training (NCCT),Hardware,Smart Education,0,500,30 September 2026,,
SIH26088,Multilingual Cooperative Governance & Legal Assistance Chatbot,Ministry of Cooperation,National Council for Cooperative Training (NCCT),Hardware,"Agriculture, FoodTech & Rural Development",1,500,30 September 2026,,
SIH26089,Cooperative Gig Services Platform for Household & Community Services,Ministry of Cooperation,National Council for Cooperative Training (NCCT),Software,"Agriculture, FoodTech & Rural Development",4,500,30 September 2026,,
SIH26090,AI-Driven Market Linkage and Smart Cataloging Mobile Application for Marginalized Artisans,Ministry of Social Justice and Empowerment (MoSJE),Department of Social Justice and Empowerment,Software,Heritage & Culture,3,500,30 September 2026,,
SIH26091,AI-Driven Hyper-Local Business Advisory and Financial Structuring Assistant for Rural Micro-Entrepreneurs,Ministry of Social Justice and Empowerment (MoSJE),Department of Social Justice and Empowerment,Software,"Agriculture, FoodTech & Rural Development",5,500,30 September 2026,,
SIH26092,AI-Driven Scheme Matching for Marginalized Entrepreneurs,Ministry of Social Justice and Empowerment (MoSJE),Department of Social Justice and Empowerment,Software,Smart Automation,3,500,30 September 2026,,
SIH26093,AI-Based Real-Time Stress and Trauma Assessment Module for Victims/Complainants Accessing NHAA (14566) and Integrated Portal,Ministry of Social Justice and Empowerment (MoSJE),Department of Social Justice and Empowerment,Software,MedTech / BioTech / HealthTech,4,500,30 September 2026,,
SIH26094,AI-Powered Dynamic Mental Health Monitoring and Distress Prediction System for Victims of Atrocities,Ministry of Social Justice and Empowerment (MoSJE),Department of Social Justice and Empowerment,Software,MedTech / BioTech / HealthTech,1,500,30 September 2026,,
SIH26095,Smart Real-Time Monitoring & Inspection Mobile App,Ministry of Social Justice and Empowerment (MoSJE),Department of Social Justice and Empowerment,Software,Smart Automation,7,500,30 September 2026,,
SIH26096,"Digital Heritage Archive for Memorials, Manuscripts & Ambedkar: AI-Powered Institutional Archive and Audio-Visual Knowledge Platform",Ministry of Social Justice and Empowerment (MoSJE),Department of Social Justice and Empowerment,Hardware,Smart Education,0,500,30 September 2026,,
SIH26097,AI-Driven voice Assistant for livelihood Mapping and NSQF-Aligned Skilling Recommendations for SC Communities under GIA component of PM-AJAY,Ministry of Social Justice and Empowerment (MoSJE),Department of Social Justice and Empowerment,Software,"Agriculture, FoodTech & Rural Development",1,500,30 September 2026,,
SIH26098,Development of a Low-Cost Precision Guidance and Smart Electronic Fuze System for a 155 mm Artillery Shell,Ministry of Defence (MoD),"Yantra India Limited, Ambajhari,Nagpur",Hardware,Smart Vehicles,1,500,30 September 2026,,
SIH26099,AI-Driven Standardization and Harmonization of Material Codes Across CPSEs,Ministry of Petroleum & Natural Gas,Chennai Petroleum Corporation Limited(CPCL),Software,Smart Automation,1,500,30 September 2026,,
SIH26100,AI-Powered Integrated Bid Compliance Verification Platform for GeM Procurement,Ministry of Petroleum & Natural Gas,Chennai Petroleum Corporation Limited(CPCL),Software,Smart Automation,5,500,30 September 2026,,
SIH26101,"Develop an AI enabled learning platform that identifies competency gaps, recommends personalized training through integration with the iGOT Karmayogi ecosystem, and capable of generating Quizzes and Multiple choice questions (MCQs) from uploaded learning materials to strengthen capacity building in India's Official Statistical System.",MoSPI,Data Informatics & Innovation Division (DIID),Software,Smart Education,10,500,30 September 2026,,
SIH26102,"Development of an AI-powered system to detect anomalies, fraud, and inefficiencies in MPLAD Scheme implementation regd.",MoSPI,Data Informatics & Innovation Division (DIID),Software,Smart Automation,5,500,30 September 2026,,https://mplads.mospi.gov.in/digigov/dashboard.html
SIH26103,Use case on web-based integrated project-monitoring platform,MoSPI,Data Informatics & Innovation Division (DIID),Software,Smart Automation,3,500,30 September 2026,,
SIH26104,AI-Powered Real-Time Detection and Prevention of Voice Cloning Impersonation Attacks,All India Council for Technical Education (Cyber Security Cell),Cyber Security Cell,Software,Blockchain & Cybersecurity,10,500,30 September 2026,,
SIH26105,AI-Powered Continuous Cyber Risk Quantification and Investment Optimization Platform,All India Council for Technical Education (Cyber Security Cell),Cyber Security Cell,Software,Blockchain & Cybersecurity,3,500,30 September 2026,,
SIH26106,"AI-Powered Email Threat Detection, GeoLocation and Forensic Intelligence Platform",All India Council for Technical Education (Cyber Security Cell),Cyber Security Cell,Software,Blockchain & Cybersecurity,5,500,30 September 2026,,
SIH26107,Al-powered Intelligent Assistant for Indian Standards and BIS Services for Industries and Consumers,"Ministry of Consumer Affairs, Food & Public Distribution",Department of Consumer Affairs (DoCA),Software,Smart Automation,1,500,30 September 2026,,
SIH26108,AI-Powered Recommendation Engine for Identifying Applicable Indian Standards for Procurement Specifications,"Ministry of Consumer Affairs, Food & Public Distribution",Department of Consumer Affairs (DoCA),Software,Smart Automation,0,500,30 September 2026,,
SIH26109,Al-Based Predictive Modelling for Early Forecasting of Bovine Mastitis in lndian Dairy Farms,"Ministry of Fisheries, Animal Husbandry & Dairying",Department of Animal Husbandry & Dairying,Hardware,"Agriculture, FoodTech & Rural Development",0,500,30 September 2026,,
SIH26110,Development of a Low-Cost Light-weight Milk Chilling Can for Small-Scale Dairy Farmers,"Ministry of Fisheries, Animal Husbandry & Dairying",Department of Animal Husbandry & Dairying,Hardware,"Agriculture, FoodTech & Rural Development",2,500,30 September 2026,,
SIH26111,Smart Al-Enabled Rapid Feed and Silage Quality Testing System for Dairy Farmers,"Ministry of Fisheries, Animal Husbandry & Dairying",Department of Animal Husbandry & Dairying,Software,"Agriculture, FoodTech & Rural Development",1,500,30 September 2026,,
SIH26112,Design and Develop a Modular Autonomous Mobile Robot (AMR) Platform for Smart Warehouse Automation,Autodesk,Autodesk Education Experience,Hardware,Robotics and Drones,3,500,30 September 2026,,
SIH26113,"Human augmentation technologies are transforming healthcare,rehabilitation, industrial ergonomics, assistive living, sports, and personal mobility by improving human capabilities and enhancing quality of life.",Autodesk,Autodesk Education Experience,Hardware,MedTech / BioTech / HealthTech,7,500,30 September 2026,,
SIH26114,Smart City Site Planning using Autodesk Forma Site Design,Autodesk,Autodesk Education Experience,Software,Miscellaneous,0,500,30 September 2026,,
SIH26115,Design and Develop a Smart Mobile Medical-Waste Collection and Segregation System,Autodesk,Autodesk Education Experience,Software,MedTech / BioTech / HealthTech,0,500,30 September 2026,,
SIH26116,"Urban Mixed-Use Design Challenge-Design a centrally located mixed-use building in Autodesk Revit with commercial spaces (Ground + 1st floor) and residential units (up to 8 floors). 1 Level of Basement (Car Parking + EV Charging), Total (B+G+9)(Note: Plot size and all required dimensions may be assumed by students (in mm units).",Autodesk,Autodesk Education Experience,Software,Miscellaneous,0,500,30 September 2026,,
SIH26117,Sovereign On-Premise Agentic AI Workbench using Open-Weight Multimodal LLMs for Confidential Industrial Work,Mangalore Refinery and Petrochemicals Limited (MRPL),Mangalore Refinery and Petrochemicals Limited (MRPL),Software,Smart Automation,7,500,30 September 2026,,
SIH26118,Passive Colorimetric H2S Exposure-Dosimeter Wristband with AI-Based Quantitative Reading,Mangalore Refinery and Petrochemicals Limited (MRPL),Mangalore Refinery and Petrochemicals Limited (MRPL),Hardware,Smart Automation,1,500,30 September 2026,,
SIH26119,Indigenous GPU-Accelerated Optimization Solver (Sovereign Alternative to Express / CEPLEX),Mangalore Refinery and Petrochemicals Limited (MRPL),Mangalore Refinery and Petrochemicals Limited (MRPL),Software,Smart Automation,0,500,30 September 2026,,
SIH26120,Digital Twin for Well-to-Surface Optimization of Cyclic Steam Stimulation (CSS) and Sucker Rod Pump (SRP) Operations for Heavy Oil Wells of Baghewala Field.,Oil India Limited,Oil India Limited,Software,Smart Automation,1,500,30 September 2026,,
SIH26121,eRTMAC-NWIS (Nearby Wells Intelligence System): An AI-Powered Offset Well Knowledge and Decision Support Platform for Drilling Operations,Oil India Limited,Oil India Limited,Software,Smart Automation,1,500,30 September 2026,,
SIH26122,Intelligent Data Capture & Schedule-Linking Layer for Infrastructure Project Management: Real-Time Actual Progress Tracking (Planning-to-Execution Bridge),Oil India Limited,Oil India Limited,Software,Smart Automation,3,500,30 September 2026,,
SIH26123,Edge-AI Based Distributed Fleet Coordination for Autonomous Mobile Robots (AMRs) in Smart Warehouses,Bharat Electronics Limited,Bharat Electronics Limited,Software,Smart Automation,1,500,30 September 2026,,
SIH26124,AI-Powered Mobile Urban Intelligence Platform Using Public Transport Fleet,Bharat Electronics Limited,Bharat Electronics Limited,Software,Smart Automation,3,500,30 September 2026,,
SIH26125,"Blockchain-Based Secure Platform for Identity,Access Control, and Digital Asset Management",Bharat Electronics Limited,Bharat Electronics Limited,Software,Blockchain & Cybersecurity,4,500,30 September 2026,,
SIH26126,Vision Based Autonomous Navigation for Unmanned Ground Vehicle for Outdoor environment,Bharat Electronics Limited,Bharat Electronics Limited,Software,Smart Automation,0,500,30 September 2026,,
SIH26127,City-Wide AI Engine for Multi-Camera ANPR Trajectory Tracking and Urban Traffic Analytics,Bharat Electronics Limited,Bharat Electronics Limited,Software,Smart Automation,3,500,30 September 2026,,
SIH26128,"Efficient systems for early detection,prevention,and management of livestock diseases and animal health issues",Government Of Maharashtra,"Maharashtra State Innovation Society, Department of Skills, Employment, Entrepreneurship and Innovation",Software,MedTech / BioTech / HealthTech,5,500,30 September 2026,,
SIH26129,"System integration and interoperability among government digital platforms,resulting in fragmented service delivery",Government Of Maharashtra,"Maharashtra State Innovation Society, Department of Skills, Employment, Entrepreneurship and Innovation",Software,Miscellaneous,2,500,30 September 2026,,
SIH26130,"Efficiency in streamlining industrial approvals,compliance processes,and access to government support services",Government Of Maharashtra,"Maharashtra State Innovation Society, Department of Skills, Employment, Entrepreneurship and Innovation",Software,Miscellaneous,2,500,30 September 2026,,
SIH26131,Early detection and management of crop diseases and pest infestations,Government Of Maharashtra,"Maharashtra State Innovation Society, Department of Skills, Employment, Entrepreneurship and Innovation",Software,"Agriculture, FoodTech & Rural Development",15,500,30 September 2026,,
SIH26132,Strengthening market linkages and price discovery for farmers,Government Of Maharashtra,"Maharashtra State Innovation Society, Department of Skills, Employment, Entrepreneurship and Innovation",Software,"Agriculture, FoodTech & Rural Development",8,500,30 September 2026,,
SIH26133,"Accessibility and quality of public healthcare services,particularly in rural and underserved areas",Government Of Maharashtra,"Maharashtra State Innovation Society, Department of Skills, Employment, Entrepreneurship and Innovation",Software,MedTech / BioTech / HealthTech,10,500,30 September 2026,,
SIH26134,Challenges in aligning skill development programs with industry requirements and emerging job market demands,Government Of Maharashtra,"Maharashtra State Innovation Society, Department of Skills, Employment, Entrepreneurship and Innovation",Software,Miscellaneous,1,500,30 September 2026,,
SIH26135,"Difficulties in tracking employment outcomes,skill gaps, and the impact of skilling initiatives",Government Of Maharashtra,"Maharashtra State Innovation Society, Department of Skills, Employment, Entrepreneurship and Innovation",Software,Miscellaneous,1,500,30 September 2026,,
SIH26136,"Startup friendly public procurement mechanism that enables government departments to identify,pilot, procure,and scale innovative solutions from eligible startups",Government Of Maharashtra,"Maharashtra State Innovation Society, Department of Skills, Employment, Entrepreneurship and Innovation",Software,Miscellaneous,3,500,30 September 2026,,
SIH26137,Quantum-Inspired Intelligent Traffic Route Optimization in Transportation Systems Using Metaheuristic Optimization,Egreen Quanta,Egreen Quanta,Software,Transportation & Logistics,1,500,30 September 2026,,
SIH26138,Quantum-Inspired Fuel Consumption Prediction and Green Fleet Optimization,Egreen Quanta,Egreen Quanta,Software,Clean & Green Technology,0,500,30 September 2026,,
SIH26139,Hybrid Quantum Machine Learning Platform for Early Disease Detection,Egreen Quanta,Egreen Quanta,Software,MedTech / BioTech / HealthTech,2,500,30 September 2026,,
SIH26140,AI-Based Interactive Quantum Algorithm Learning Platform,Egreen Quanta,Egreen Quanta,Software,Smart Education,1,500,30 September 2026,,
SIH26141,Quantum-Inspired Cyber Threat Detection for Digital Signature Security,Egreen Quanta,Egreen Quanta,Software,Blockchain & Cybersecurity,0,500,30 September 2026,,
SIH26142,Deep Learning Based Super Resolution Mapping (SRM) from Medium Resolution Satellite Imageries,National Technical Research Organisation (NTRO),National Technical Research Organisation (NTRO),Software,Space Technology,0,500,30 September 2026,https://www.youtube.com/watch?v=cQoHSStTEdM,https://browser.dataspace.copernicus.eu
SIH26143,Leveraging satellite imagery to determine Oil spills at sea along with AIS data correlations to identify vessel responsible for the spill.,National Technical Research Organisation (NTRO),National Technical Research Organisation (NTRO),Software,Disaster Management,2,500,30 September 2026,https://www.youtube.com/watch?v=cQoHSStTEdM,
SIH26144,Design & Development of a High-Sensitivity Micro barometer Infrasound sensor,National Technical Research Organisation (NTRO),National Technical Research Organisation (NTRO),Hardware,Smart Automation,0,500,30 September 2026,,
SIH26145,AI-Based Detection of Cyber Threats in Unidirectional IP Traffic,National Technical Research Organisation (NTRO),National Technical Research Organisation (NTRO),Software,Blockchain & Cybersecurity,3,500,30 September 2026,,
SIH26146,AI-Powered Monitoring & Analysis of Bitcoin Transaction Traffic,National Technical Research Organisation (NTRO),National Technical Research Organisation (NTRO),Software,Blockchain & Cybersecurity,2,500,30 September 2026,,https://drive.google.com/file/d/1J7cAKc0i7KPQRjmMU9uvR1yJb7BVgiMs/view?usp=drive_link%22
SIH26147,Automated model for analysis of .IQ and .wav files along with signal parameter extraction,National Technical Research Organisation (NTRO),National Technical Research Organisation (NTRO),Software,Space Technology,0,500,30 September 2026,,
SIH26148,Creation of scripts/functions with new programming language to commence Computer & Network forensic analysis without triggering security solutions,National Technical Research Organisation (NTRO),National Technical Research Organisation (NTRO),Software,Blockchain & Cybersecurity,0,500,30 September 2026,,
SIH26149,Design and Development of an Integrated Secure Data Erasure and Advanced File Recovery Tool for Digital Forensics and Data Sanitization,National Technical Research Organisation (NTRO),National Technical Research Organisation (NTRO),Software,Blockchain & Cybersecurity,2,500,30 September 2026,,
SIH26150,"Development of a Multi-Vendor DVR/NVR Forensic Analysis Tool for Standardized Acquisition, Recovery, and Analysis of Surveillance Evidence.",National Technical Research Organisation (NTRO),National Technical Research Organisation (NTRO),Software,Blockchain & Cybersecurity,1,500,30 September 2026,,
SIH26151,Dark web threat actor de-anonymization,National Technical Research Organisation (NTRO),National Technical Research Organisation (NTRO),Software,Blockchain & Cybersecurity,2,500,30 September 2026,,
SIH26152,Social Media Analytics,National Technical Research Organisation (NTRO),National Technical Research Organisation (NTRO),Software,Blockchain & Cybersecurity,3,500,30 September 2026,,
SIH26153,AI based Network Attack Forecasting from Network Traffic Data,National Technical Research Organisation (NTRO),National Technical Research Organisation (NTRO),Software,Blockchain & Cybersecurity,4,500,30 September 2026,,
SIH26154,Gen AI Platform for Automated Content Transformation,National Technical Research Organisation (NTRO),National Technical Research Organisation (NTRO),Software,Blockchain & Cybersecurity,3,500,30 September 2026,,
SIH26155,AI-Driven Multi-Vendor Network Security Compliance Auditor,National Technical Research Organisation (NTRO),National Technical Research Organisation (NTRO),Software,Blockchain & Cybersecurity,3,500,30 September 2026,,
SIH26156,Universal Log Pre-processing Framework,National Technical Research Organisation (NTRO),National Technical Research Organisation (NTRO),Software,Blockchain & Cybersecurity,1,500,30 September 2026,,
SIH26157,Supervisory Analytics Tool for SOC Assessment (SAT-SA),National Technical Research Organisation (NTRO),National Technical Research Organisation (NTRO),Software,Blockchain & Cybersecurity,0,500,30 September 2026,,
SIH26158,Single-Pass Drone Video to Accurate 3D Model Generation System,National Technical Research Organisation (NTRO),National Technical Research Organisation (NTRO),Software,Robotics and Drones,1,500,30 September 2026,,
SIH26159,SecureMailScope: AI-Assisted Cryptographic Security Posture Assessment for Secure Email Communications,National Technical Research Organisation (NTRO),National Technical Research Organisation (NTRO),Software,Blockchain & Cybersecurity,1,500,30 September 2026,,
SIH26160,AI-Powered IPsec VPN Protocol Analyzer and Security Assessment Framework,National Technical Research Organisation (NTRO),National Technical Research Organisation (NTRO),Software,Blockchain & Cybersecurity,0,500,30 September 2026,,
SIH26161,Dam Break Inundation Modelling Using Hydrodynamic Modelling of any River,National Technical Research Organisation (NTRO),National Technical Research Organisation (NTRO),Software,Disaster Management,0,500,30 September 2026,,
SIH26162,"AI-Based Detection and Classification of Industrial Fires and Persistent Thermal Sources Using NASA FIRMS, OSM & Satellite Data",National Technical Research Organisation (NTRO),National Technical Research Organisation (NTRO),Software,Disaster Management,1,500,30 September 2026,,
SIH26163,Security Assessment of the World Monitor application,National Technical Research Organisation (NTRO),National Technical Research Organisation (NTRO),Software,Smart Automation,0,500,30 September 2026,https://www.youtube.com/watch?v=-wws31Ol3mc,
SIH26164,Enterprise Cryptographic Discovery & Analysis Tool (ECDAT),National Technical Research Organisation (NTRO),National Technical Research Organisation (NTRO),Software,Blockchain & Cybersecurity,1,500,30 September 2026,,
SIH26165,AI/NLP Engine to Detect Serious Injury & Fatality (SIF) Precursors in OIL's Unsafe-Act/Unsafe-Condition and Near-Miss Reports,Oil India Limited,Oil India Limited,Software,Smart Automation,2,500,30 September 2026,,
SIH26166,"Multi-modal, Sun angle and scale invariant image correspondence using Chandrayaan-2 optical images (OHRC, TMC and IIRS)",Indian Space Research Organisation(ISRO),Department of Space / Indian Space Research Organisation,Software,Space Technology,6,500,30 September 2026,,
SIH26167,SatQuery AI - An Interactive Vision-Language Assistant for Multimodal Remote Sensing Image Analysis through Text Queries,Indian Space Research Organisation(ISRO),Department of Space / Indian Space Research Organisation,Software,Space Technology,2,500,30 September 2026,,
SIH26168,AI-ML based Intelligent Dead Reckoning system for seamless navigation,Indian Space Research Organisation(ISRO),Department of Space / Indian Space Research Organisation,Software,Smart Vehicles,1,500,30 September 2026,,
SIH26169,Development of an AI-Based Virtual Camera Tracking System for Coarse Alignment of Mobile Free Space Optical Communication (FSOC) Terminals,Indian Space Research Organisation(ISRO),Department of Space / Indian Space Research Organisation,Software,Smart Automation,0,500,30 September 2026,,
SIH26170,AI-Driven Anomaly Detection in Component Burn-In & Screening,Indian Space Research Organisation(ISRO),Department of Space / Indian Space Research Organisation,Software,Smart Automation,3,500,30 September 2026,,
SIH26171,On-device Visual Perception for Light-weight Browser Agents,Indian Space Research Organisation(ISRO),Department of Space / Indian Space Research Organisation,Software,Smart Automation,1,500,30 September 2026,,
SIH26172,Low Latency and Efficient Voice Activator for Edge Devices,Indian Space Research Organisation(ISRO),Department of Space / Indian Space Research Organisation,Hardware,Smart Automation,3,500,30 September 2026,,
SIH26173,iTantra -Indian Multilingual TTS & STT Aided Neural Transceiver Radio Access for low bitrate links,Indian Space Research Organisation(ISRO),Department of Space / Indian Space Research Organisation,Software,Smart Automation,2,500,30 September 2026,,
SIH26174,AI Human Activity Recognition for On-board BAS Experiments,Indian Space Research Organisation(ISRO),Department of Space / Indian Space Research Organisation,Software,Space Technology,2,500,30 September 2026,,
SIH26175,DepthWizard - Single-View Height Estimation and 3D Flythrough,Indian Space Research Organisation(ISRO),Department of Space / Indian Space Research Organisation,Software,Disaster Management,1,500,30 September 2026,,
SIH26176,ORCA Marine EcOsystem Reasoning with Collaborative Agents,Indian Space Research Organisation(ISRO),Department of Space / Indian Space Research Organisation,Software,Disaster Management,4,500,30 September 2026,,
SIH26177,"A deployable AI-powered autonomous drone that aids search-and-rescue operations by detecting people and hazards, thereby improving responder safety and reducing victim discovery time.",Qualcomm Inc,Qualcomm Inc,Hardware,Robotics and Drones,10,500,30 September 2026,,
SIH26178,"A resilient, AI-powered environmental monitoring network that provides early detection, localized intelligence, and actionable alerts for floods, forest fires, pollution events, and other environmental hazards common in India, enabling authorities and communities to shift from reactive disaster response to proactive risk prevention.",Qualcomm Inc,Qualcomm Inc,Hardware,Disaster Management,5,500,30 September 2026,,
SIH26179,"To build an AI-powered retail intelligence platform that delivers real-time shopper analytics, automated inventory visibility, and proactive queue management through on-device AI,enabling retailers to reduce stock-outs, improve customer experience, optimize staffing, and increase operational efficiency while maintaining privacy and minimizing cloud dependency.",Qualcomm Inc,Qualcomm Inc,Hardware,Miscellaneous,0,500,30 September 2026,,
SIH26180,,Qualcomm Inc,Qualcomm Inc,Hardware,"Agriculture, FoodTech & Rural Development",12,500,30 September 2026,,
SIH26181,,Qualcomm Inc,Qualcomm Inc,Hardware,MedTech / BioTech / HealthTech,3,500,30 September 2026,,
SIH26182,Automated Attribution of Unknown Cryptocurrency Wallets to Nearest Virtual Asset Service Providers (VASPs) through Blockchain Intelligence APIs,Ministry of Home Affairs,"Indian Cyber Crime Coordination Centre (I4C),CIS Division",Software,Blockchain & Cybersecurity,1,500,30 September 2026,,
SIH26183,Real-Time Identification of Fraud-Linked Cryptocurrency Exchanges from Victim-Reported Suspect Wallet Addresses through Automated Blockchain Analytics,Ministry of Home Affairs,"Indian Cyber Crime Coordination Centre (I4C),CIS Division",Software,Blockchain & Cybersecurity,3,500,30 September 2026,,
SIH26184,"Development of a Predictive Analytics Framework for Cybercrime Complaints to Forecast Likely Cash Withdrawal Locations in Advance, Enabling Generation of Actionable Intelligence for Timely and Proactive Cybercrime Intervention.",Ministry of Home Affairs,"Indian Cyber Crime Coordination Centre (I4C),CIS Division",Software,Blockchain & Cybersecurity,3,500,30 September 2026,,
SIH26185,Helmet mounted conformal antenna for tactical communications in urban CQB environments.,Ministry of Home Affairs,"National Security Guard (NSG), Police II Division",Hardware,Robotics and Drones,1,500,30 September 2026,,
SIH26186,AI-Based Predictive Personnel Stress and Welfare Monitoring System for Uniformed Forces,Ministry of Home Affairs,"Central Reserve Police Force (CRPF), Police II Division",Software,MedTech / BioTech / HealthTech,1,500,30 September 2026,,
SIH26187,AI-Based Intelligent Video Analytics Platform for Border Surveillance using existing CCTV Infrastructure.,Ministry of Home Affairs,"Sashastra Seema Bal (SSB), Police II Division",Software,Blockchain & Cybersecurity,7,500,30 September 2026,,
SIH26188,Al-Based Fake Identity & Document Screening System,Ministry of Home Affairs,"Sashastra Seema Bal (SSB), Police II Division",Software,Blockchain & Cybersecurity,10,500,30 September 2026,,
SIH26189,AI-Powered Criminal Network Analysis System,Ministry of Home Affairs,"National Crime Records Bureau (NCRB), Women Safety Division",Software,Blockchain & Cybersecurity,6,500,30 September 2026,,
SIH26190,Secure Digital Document Management System for Legal and Investigation Documents,Ministry of Home Affairs,"National Crime Records Bureau (NCRB), Women Safety Division",Software,Blockchain & Cybersecurity,2,500,30 September 2026,,
SIH26191,"Intelligent Identification of Hazard-Based Red Zones, Carrying Capacity Assessment, and Immediate Relocation Needs for Vulnerable Habitations",Ministry of Home Affairs,"National Disaster Response Force (NDRF), DM Division",Software,Disaster Management,2,500,30 September 2026,,
SIH26192,Flash Flood Prediction System for Hilly Regions using Multi-Source Data Theme,Ministry of Home Affairs,"National Disaster Response Force (NDRF), DM Division",Software,Disaster Management,3,500,30 September 2026,,
SIH26193,"Student Innovation-Developing solutions, keeping in mind the need to enhance the primary sector of India - Agriculture and to manage and process our agriculture produce.",AICTE,"AICTE, MIC-Student Innovation",Software,"Agriculture, FoodTech & Rural Development",7,500,30 September 2026,,
SIH26194,Student Innovation-Provide ideas in a decentralized and distributed ledger technology used to store digital information that powers cryptocurrencies and NFTs and can radically change multiple sectors.,AICTE,"AICTE, MIC-Student Innovation",Software,Blockchain & Cybersecurity,4,500,30 September 2026,,
SIH26195,"Student Innovation-Solutions could be in the form of waste segregation, disposal, and improve sanitization system.",AICTE,"AICTE, MIC-Student Innovation",Software,Clean & Green Technology,4,500,30 September 2026,,
SIH26196,Student Innovation-Ideas that can boost fitness activities and assist in keeping fit.,AICTE,"AICTE, MIC-Student Innovation",Software,Fitness & Sports,3,500,30 September 2026,,
SIH26197,Student Innovation-Ideas that showcase the rich cultural heritage and traditions of India.,AICTE,"AICTE, MIC-Student Innovation",Software,Heritage & Culture,10,500,30 September 2026,,
SIH26198,"Student Innovation-Cutting-edge technology in these sectors continues to be in demand. Recent shifts in healthcare trends, growing populations also present an array of opportunities for innovation.",AICTE,"AICTE, MIC-Student Innovation",Software,MedTech / BioTech / HealthTech,8,500,30 September 2026,,
SIH26199,"Student Innovation-Technology ideas in tertiary sectors like Hospitality, Financial Services, Entertainment and Retail.",AICTE,"AICTE, MIC-Student Innovation",Software,Miscellaneous,7,500,30 September 2026,,
SIH26200,Student Innovation-Innovative ideas that help manage and generate renewable /sustainable sources more efficiently,AICTE,"AICTE, MIC-Student Innovation",Software,Renewable / Sustainable Energy,2,500,30 September 2026,,
SIH26201,"Student Innovation-There is a need to design drones and robots that can solve some of the pressing challenges of India such as handling medical emergencies, search and rescue operations, etc.",AICTE,"AICTE, MIC-Student Innovation",Software,Robotics and Drones,1,500,30 September 2026,,
SIH26202,Student Innovation-Ideas focused on the intelligent use of resources for transforming and advancements of technology with combining the artificial intelligence to explore more various sources and get valuable insights.,AICTE,"AICTE, MIC-Student Innovation",Software,Smart Automation,9,500,30 September 2026,,
SIH26203,Student Innovation-Creating intelligent devices to improve commutation sector.,AICTE,"AICTE, MIC-Student Innovation",Software,Smart Vehicles,1,500,30 September 2026,,
SIH26204,"Student Innovation-A solution/idea that can boost the current situation of the tourism industries including hotels, travel and others.",AICTE,"AICTE, MIC-Student Innovation",Software,Travel & Tourism,14,500,30 September 2026,,
SIH26205,"Student Innovation-Submit your ideas to address the growing pressures on the city’s resources, transport networks, and logistic infrastructure.",AICTE,"AICTE, MIC-Student Innovation",Software,Transportation & Logistics,7,500,30 September 2026,,
SIH26206,"Student Innovation-Disaster management includes ideas related to risk mitigation, Planning and management before, after or during a disaster.",AICTE,"AICTE, MIC-Student Innovation",Software,Disaster Management,13,500,30 September 2026,,
SIH26207,"Student Innovation-Smart education,a concept that describes learning in digital age. It enables learners to learn more effectively, efficiently, flexibly and comfortably.",AICTE,"AICTE, MIC-Student Innovation",Software,Smart Education,13,500,30 September 2026,,
SIH26208,"Student Innovation-Challenge your creative mind to conceptualize and develop unique toys and games based on our civilization, history, and culture etc.",AICTE,"AICTE, MIC-Student Innovation",Software,Toys & Games,4,500,30 September 2026,,
SIH26209,"Student Innovation-Space technology refers to the application of engineering principles to the design, development, manufacture, and operation of devices and systems for space travel and exploration.",AICTE,"AICTE, MIC-Student Innovation",Software,Space Technology,1,500,30 September 2026,,
SIH26210,"Student Innovation-Developing solutions, keeping in mind the need to enhance the primary sector of India - Agriculture and to manage and process our agriculture produce.",AICTE,"AICTE, MIC-Student Innovation",Hardware,"Agriculture, FoodTech & Rural Development",2,500,30 September 2026,,
SIH26211,Student Innovation-Provide ideas in a decentralized and distributed ledger technology used to store digital information that powers cryptocurrencies and NFTs and can radically change multiple sectors.,AICTE,"AICTE, MIC-Student Innovation",Hardware,Blockchain & Cybersecurity,0,500,30 September 2026,,
SIH26212,"Student Innovation-Solutions could be in the form of waste segregation, disposal, and improve sanitization system.",AICTE,"AICTE, MIC-Student Innovation",Hardware,Clean & Green Technology,3,500,30 September 2026,,
SIH26213,Student Innovation-Ideas that can boost fitness activities and assist in keeping fit.,AICTE,"AICTE, MIC-Student Innovation",Hardware,Fitness & Sports,1,500,30 September 2026,,
SIH26214,Student Innovation-Ideas that showcase the rich cultural heritage and traditions of India.,AICTE,"AICTE, MIC-Student Innovation",Hardware,Heritage & Culture,1,500,30 September 2026,,
SIH26215,"Student Innovation-Cutting-edge technology in these sectors continues to be in demand. Recent shifts in healthcare trends, growing populations also present an array of opportunities for innovation.",AICTE,"AICTE, MIC-Student Innovation",Hardware,MedTech / BioTech / HealthTech,5,500,30 September 2026,,
SIH26216,"Student Innovation-Technology ideas in tertiary sectors like Hospitality, Financial Services, Entertainment and Retail.",AICTE,"AICTE, MIC-Student Innovation",Hardware,Miscellaneous,2,500,30 September 2026,,
SIH26217,Student Innovation-Innovative ideas that help manage and generate renewable /sustainable sources more efficiently,AICTE,"AICTE, MIC-Student Innovation",Hardware,Renewable / Sustainable Energy,12,500,30 September 2026,,
SIH26218,"Student Innovation-There is a need to design drones and robots that can solve some of the pressing challenges of India such as handling medical emergencies, search and rescue operations, etc.",AICTE,"AICTE, MIC-Student Innovation",Hardware,Robotics and Drones,5,500,30 September 2026,,
SIH26219,Student Innovation-Ideas focused on the intelligent use of resources for transforming and advancements of technology with combining the artificial intelligence to explore more various sources and get valuable insights.,AICTE,"AICTE, MIC-Student Innovation",Hardware,Smart Automation,5,500,30 September 2026,,
SIH26220,Student Innovation-Creating intelligent devices to improve commutation sector.,AICTE,"AICTE, MIC-Student Innovation",Hardware,Smart Vehicles,7,500,30 September 2026,,
SIH26221,"Student Innovation-A solution/idea that can boost the current situation of the tourism industries including hotels, travel and others.",AICTE,"AICTE, MIC-Student Innovation",Hardware,Travel & Tourism,0,500,30 September 2026,,
SIH26222,"Student Innovation-Submit your ideas to address the growing pressures on the city’s resources, transport networks, and logistic infrastructure.",AICTE,"AICTE, MIC-Student Innovation",Hardware,Transportation & Logistics,5,500,30 September 2026,,
SIH26223,"Student Innovation-Disaster management includes ideas related to risk mitigation, Planning and management before, after or during a disaster.",AICTE,"AICTE, MIC-Student Innovation",Hardware,Disaster Management,2,500,30 September 2026,,
SIH26224,"Student Innovation-Smart education,a concept that describes learning in digital age. It enables learners to learn more effectively, efficiently, flexibly and comfortably.",AICTE,"AICTE, MIC-Student Innovation",Hardware,Smart Education,0,500,30 September 2026,,
SIH26225,"Student Innovation-Challenge your creative mind to conceptualize and develop unique toys and games based on our civilization, history, and culture etc.",AICTE,"AICTE, MIC-Student Innovation",Hardware,Toys & Games,0,500,30 September 2026,,
SIH26226,"Student Innovation-Space technology refers to the application of engineering principles to the design, development, manufacture, and operation of devices and systems for space travel and exploration.",AICTE,"AICTE, MIC-Student Innovation",Hardware,Space Technology,1,500,30 September 2026,,
SIH26227,Semantic Retrieval and Multi-Temporal Change Analysis of Satellite lmagery.,Ministry of defence (MoD),Indian Army (DGIS),Software,Space Technology,2,500,30 September 2026,,
SIH26228,"Trustworthy Computer Vision Integrity Assurance for Data, Models and Inference Outputs in Multi-Contributor Pipelines",Ministry of defence (MoD),Indian Army (DGIS),Software,Blockchain & Cybersecurity,1,500,30 September 2026,,
SIH26229,Kabadiwala Connect – Bringing the Informal Collector into the Formal Recycling Chain,Ministry of Mines (MoM),Jawaharlal Nehru Aluminium Research Development and Design Centre (JNARDDC),Software,Clean & Green Technology,1,500,30 September 2026,,
SIH26230,Breath-Based Detection Device for Drug Consumption,Ministry of Home Affairs,Narcotics Control Bureau,Hardware,MedTech / BioTech / HealthTech,0,500,30 September 2026,,
SIH26231,Digital Companion for Field Drug Testing,Ministry of Home Affairs,Narcotics Control Bureau,Software,MedTech / BioTech / HealthTech,2,500,30 September 2026,,
SIH26232,Low-Cost loT Block chain Nodes for Farm-to-Fork Traceability,Ministry of Food Processing Industries (MoFPI),Ministry of Food Processing Industries (MoFPI),Hardware,"Agriculture, FoodTech & Rural Development",0,500,30 September 2026,,
SIH26233,Inline Microbial Contamination Detection Using Hyperspectral Edge Sensors,Ministry of Food Processing Industries (MoFPI),Ministry of Food Processing Industries (MoFPI),Hardware,"Agriculture, FoodTech & Rural Development",1,500,30 September 2026,,
SIH26234,Al-Powered Smart Food Waste Reduction and Sustainable Redistribution Ecosystem for Institutional Kitchens and Food Processing Units,Ministry of Food Processing Industries (MoFPI),Ministry of Food Processing Industries (MoFPI),Software,"Agriculture, FoodTech & Rural Development",0,500,30 September 2026,,
SIH26235,Development of a Portable Nano engineered Rapid Food Testing Kit for On-Site Detection of Food Adulterants and Contaminants,Ministry of Food Processing Industries (MoFPI),Ministry of Food Processing Industries (MoFPI),Hardware,"Agriculture, FoodTech & Rural Development",0,500,30 September 2026,,
SIH26236,Al-Based Intelligent Food Packaging Material Recommendation System for Food Commodities,Ministry of Food Processing Industries (MoFPI),Ministry of Food Processing Industries (MoFPI),Software,"Agriculture, FoodTech & Rural Development",2,500,30 September 2026,,
SIH26237,Cryptographic Attribution and Immutable Decryption Provenance for Multi-Recipient Encrypted Document Distribution,Ministry of Defence,Indian Navy (WESEE),Software,Blockchain & Cybersecurity,0,500,30 September 2026,,
