date,psNumber,submitted
2026-09-06,SIH26001,8
2026-09-06,SIH26002,4
2026-09-06,SIH26003,3
2026-09-06,SIH26005,1
2026-09-06,SIH26007,1
2026-09-06,SIH26008,1
2026-09-06,SIH26010,1
2026-09-06,SIH26014,1
2026-09-06,SIH26015,1
2026-09-06,SIH26017,1
2026-09-06,SIH26018,3
2026-09-06,SIH26025,2
2026-09-06,SIH26026,1
2026-09-06,SIH26027,1
2026-09-06,SIH26032,2
2026-09-06,SIH26033,3
2026-09-06,SIH26034,2
2026-09-06,SIH26035,1
2026-09-06,SIH26037,1
2026-09-06,SIH26038,2
2026-09-06,SIH26039,1
2026-09-06,SIH26040,2
2026-09-06,SIH26042,3
2026-09-06,SIH26044,6
2026-09-06,SIH26045,4
2026-09-06,SIH26046,1
2026-09-06,SIH26047,7
2026-09-06,SIH26050,2
2026-09-06,SIH26051,1
2026-09-06,SIH26052,1
2026-09-06,SIH26054,1
2026-09-06,SIH26055,1
2026-09-06,SIH26059,1
2026-09-06,SIH26060,1
2026-09-06,SIH26068,4
2026-09-06,SIH26075,2
2026-09-06,SIH26076,1
2026-09-06,SIH26083,2
2026-09-06,SIH26090,1
2026-09-06,SIH26091,2
2026-09-06,SIH26093,1
2026-09-06,SIH26095,5
2026-09-06,SIH26100,2
2026-09-06,SIH26101,4
2026-09-06,SIH26102,3
2026-09-06,SIH26104,2
2026-09-06,SIH26106,2
2026-09-06,SIH26107,1
2026-09-06,SIH26113,1
2026-09-06,SIH26122,2
2026-09-06,SIH26124,1
2026-09-06,SIH26125,2
2026-09-06,SIH26127,1
2026-09-06,SIH26128,2
2026-09-06,SIH26129,2
2026-09-06,SIH26130,1
2026-09-06,SIH26131,2
2026-09-06,SIH26132,4
2026-09-06,SIH26133,3
2026-09-06,SIH26136,1
2026-09-06,SIH26140,1
2026-09-06,SIH26146,1
2026-09-06,SIH26152,1
2026-09-06,SIH26154,2
2026-09-06,SIH26155,3
2026-09-06,SIH26159,1
2026-09-06,SIH26164,1
2026-09-06,SIH26165,1
2026-09-06,SIH26166,1
2026-09-06,SIH26167,1
2026-09-06,SIH26168,1
2026-09-06,SIH26171,1
2026-09-06,SIH26172,2
2026-09-06,SIH26176,1
2026-09-06,SIH26177,4
2026-09-06,SIH26178,2
2026-09-06,SIH26180,6
2026-09-06,SIH26181,1
2026-09-06,SIH26183,1
2026-09-06,SIH26185,1
2026-09-06,SIH26186,1
2026-09-06,SIH26187,1
2026-09-06,SIH26188,2
2026-09-06,SIH26189,2
2026-09-06,SIH26191,2
2026-09-06,SIH26192,2
2026-09-06,SIH26193,2
2026-09-06,SIH26194,1
2026-09-06,SIH26195,1
2026-09-06,SIH26197,3
2026-09-06,SIH26198,5
2026-09-06,SIH26199,3
2026-09-06,SIH26200,1
2026-09-06,SIH26201,1
2026-09-06,SIH26202,1
2026-09-06,SIH26204,1
2026-09-06,SIH26205,3
2026-09-06,SIH26206,8
2026-09-06,SIH26207,7
2026-09-06,SIH26208,1
2026-09-06,SIH26210,2
2026-09-06,SIH26214,1
2026-09-06,SIH26215,1
2026-09-06,SIH26217,3
2026-09-06,SIH26218,3
2026-09-06,SIH26219,2
2026-09-06,SIH26222,2
2026-09-06,SIH26223,2
2026-09-06,SIH26228,1
2026-09-06,SIH26231,2
2026-09-07,SIH26001,9
2026-09-07,SIH26002,4
2026-09-07,SIH26003,5
2026-09-07,SIH26005,1
2026-09-07,SIH26006,2
2026-09-07,SIH26007,1
2026-09-07,SIH26008,1
2026-09-07,SIH26010,1
2026-09-07,SIH26014,1
2026-09-07,SIH26015,1
2026-09-07,SIH26017,1
2026-09-07,SIH26018,3
2026-09-07,SIH26024,2
2026-09-07,SIH26025,2
2026-09-07,SIH26026,1
2026-09-07,SIH26027,1
2026-09-07,SIH26028,2
2026-09-07,SIH26032,5
2026-09-07,SIH26033,5
2026-09-07,SIH26034,4
2026-09-07,SIH26035,1
2026-09-07,SIH26037,1
2026-09-07,SIH26038,4
2026-09-07,SIH26039,1
2026-09-07,SIH26040,5
2026-09-07,SIH26042,4
2026-09-07,SIH26044,6
2026-09-07,SIH26045,4
2026-09-07,SIH26046,1
2026-09-07,SIH26047,13
2026-09-07,SIH26049,1
2026-09-07,SIH26050,2
2026-09-07,SIH26051,2
2026-09-07,SIH26052,1
2026-09-07,SIH26054,1
2026-09-07,SIH26055,1
2026-09-07,SIH26058,1
2026-09-07,SIH26059,2
2026-09-07,SIH26060,1
2026-09-07,SIH26064,1
2026-09-07,SIH26065,1
2026-09-07,SIH26068,6
2026-09-07,SIH26071,1
2026-09-07,SIH26075,2
2026-09-07,SIH26076,1
2026-09-07,SIH26083,2
2026-09-07,SIH26089,3
2026-09-07,SIH26090,1
2026-09-07,SIH26091,2
2026-09-07,SIH26093,1
2026-09-07,SIH26095,5
2026-09-07,SIH26098,1
2026-09-07,SIH26100,3
2026-09-07,SIH26101,4
2026-09-07,SIH26102,3
2026-09-07,SIH26104,3
2026-09-07,SIH26105,1
2026-09-07,SIH26106,3
2026-09-07,SIH26107,1
2026-09-07,SIH26110,1
2026-09-07,SIH26113,2
2026-09-07,SIH26120,1
2026-09-07,SIH26122,2
2026-09-07,SIH26124,1
2026-09-07,SIH26125,2
2026-09-07,SIH26127,1
2026-09-07,SIH26128,2
2026-09-07,SIH26129,2
2026-09-07,SIH26130,1
2026-09-07,SIH26131,5
2026-09-07,SIH26132,6
2026-09-07,SIH26133,4
2026-09-07,SIH26135,1
2026-09-07,SIH26136,1
2026-09-07,SIH26140,1
2026-09-07,SIH26146,2
2026-09-07,SIH26150,1
2026-09-07,SIH26152,2
2026-09-07,SIH26153,1
2026-09-07,SIH26154,2
2026-09-07,SIH26155,3
2026-09-07,SIH26159,1
2026-09-07,SIH26164,1
2026-09-07,SIH26165,2
2026-09-07,SIH26166,1
2026-09-07,SIH26167,1
2026-09-07,SIH26168,1
2026-09-07,SIH26171,1
2026-09-07,SIH26172,2
2026-09-07,SIH26173,1
2026-09-07,SIH26176,1
2026-09-07,SIH26177,4
2026-09-07,SIH26178,3
2026-09-07,SIH26180,7
2026-09-07,SIH26181,1
2026-09-07,SIH26183,3
2026-09-07,SIH26184,2
2026-09-07,SIH26185,1
2026-09-07,SIH26186,1
2026-09-07,SIH26187,1
2026-09-07,SIH26188,4
2026-09-07,SIH26189,3
2026-09-07,SIH26191,2
2026-09-07,SIH26192,3
2026-09-07,SIH26193,4
2026-09-07,SIH26194,1
2026-09-07,SIH26195,1
2026-09-07,SIH26197,4
2026-09-07,SIH26198,5
2026-09-07,SIH26199,4
2026-09-07,SIH26200,1
2026-09-07,SIH26201,1
2026-09-07,SIH26202,1
2026-09-07,SIH26204,3
2026-09-07,SIH26205,5
2026-09-07,SIH26206,9
2026-09-07,SIH26207,7
2026-09-07,SIH26208,1
2026-09-07,SIH26210,2
2026-09-07,SIH26214,1
2026-09-07,SIH26215,2
2026-09-07,SIH26217,3
2026-09-07,SIH26218,3
2026-09-07,SIH26219,3
2026-09-07,SIH26222,3
2026-09-07,SIH26223,2
2026-09-07,SIH26226,1
2026-09-07,SIH26228,1
2026-09-07,SIH26231,2
2026-09-07,SIH26236,1
2026-09-08,SIH26001,14
2026-09-08,SIH26002,7
2026-09-08,SIH26003,8
2026-09-08,SIH26005,2
2026-09-08,SIH26006,3
2026-09-08,SIH26007,1
2026-09-08,SIH26008,2
2026-09-08,SIH26010,1
2026-09-08,SIH26014,1
2026-09-08,SIH26015,1
2026-09-08,SIH26016,1
2026-09-08,SIH26017,1
2026-09-08,SIH26018,3
2026-09-08,SIH26024,2
2026-09-08,SIH26025,2
2026-09-08,SIH26026,1
2026-09-08,SIH26027,1
2026-09-08,SIH26028,4
2026-09-08,SIH26031,1
2026-09-08,SIH26032,8
2026-09-08,SIH26033,5
2026-09-08,SIH26034,8
2026-09-08,SIH26035,1
2026-09-08,SIH26037,1
2026-09-08,SIH26038,4
2026-09-08,SIH26039,1
2026-09-08,SIH26040,7
2026-09-08,SIH26042,5
2026-09-08,SIH26043,3
2026-09-08,SIH26044,7
2026-09-08,SIH26045,4
2026-09-08,SIH26046,1
2026-09-08,SIH26047,15
2026-09-08,SIH26049,1
2026-09-08,SIH26050,2
2026-09-08,SIH26051,2
2026-09-08,SIH26052,1
2026-09-08,SIH26054,1
2026-09-08,SIH26055,1
2026-09-08,SIH26058,1
2026-09-08,SIH26059,2
2026-09-08,SIH26060,1
2026-09-08,SIH26061,1
2026-09-08,SIH26064,1
2026-09-08,SIH26065,1
2026-09-08,SIH26066,1
2026-09-08,SIH26067,1
2026-09-08,SIH26068,13
2026-09-08,SIH26071,2
2026-09-08,SIH26075,3
2026-09-08,SIH26076,1
2026-09-08,SIH26083,3
2026-09-08,SIH26085,2
2026-09-08,SIH26088,1
2026-09-08,SIH26089,4
2026-09-08,SIH26090,1
2026-09-08,SIH26091,4
2026-09-08,SIH26092,2
2026-09-08,SIH26093,1
2026-09-08,SIH26095,5
2026-09-08,SIH26097,1
2026-09-08,SIH26098,1
2026-09-08,SIH26099,1
2026-09-08,SIH26100,3
2026-09-08,SIH26101,6
2026-09-08,SIH26102,3
2026-09-08,SIH26103,2
2026-09-08,SIH26104,6
2026-09-08,SIH26105,2
2026-09-08,SIH26106,3
2026-09-08,SIH26107,1
2026-09-08,SIH26110,1
2026-09-08,SIH26112,1
2026-09-08,SIH26113,2
2026-09-08,SIH26117,2
2026-09-08,SIH26118,1
2026-09-08,SIH26120,1
2026-09-08,SIH26122,3
2026-09-08,SIH26123,1
2026-09-08,SIH26124,1
2026-09-08,SIH26125,3
2026-09-08,SIH26127,2
2026-09-08,SIH26128,4
2026-09-08,SIH26129,2
2026-09-08,SIH26130,1
2026-09-08,SIH26131,12
2026-09-08,SIH26132,6
2026-09-08,SIH26133,5
2026-09-08,SIH26135,1
2026-09-08,SIH26136,2
2026-09-08,SIH26140,1
2026-09-08,SIH26143,2
2026-09-08,SIH26145,1
2026-09-08,SIH26146,2
2026-09-08,SIH26150,1
2026-09-08,SIH26151,1
2026-09-08,SIH26152,3
2026-09-08,SIH26153,1
2026-09-08,SIH26154,2
2026-09-08,SIH26155,3
2026-09-08,SIH26156,1
2026-09-08,SIH26159,1
2026-09-08,SIH26164,1
2026-09-08,SIH26165,2
2026-09-08,SIH26166,3
2026-09-08,SIH26167,1
2026-09-08,SIH26168,1
2026-09-08,SIH26171,1
2026-09-08,SIH26172,2
2026-09-08,SIH26173,2
2026-09-08,SIH26174,1
2026-09-08,SIH26176,1
2026-09-08,SIH26177,5
2026-09-08,SIH26178,3
2026-09-08,SIH26180,7
2026-09-08,SIH26181,1
2026-09-08,SIH26182,1
2026-09-08,SIH26183,3
2026-09-08,SIH26184,3
2026-09-08,SIH26185,1
2026-09-08,SIH26186,1
2026-09-08,SIH26187,3
2026-09-08,SIH26188,5
2026-09-08,SIH26189,3
2026-09-08,SIH26191,2
2026-09-08,SIH26192,3
2026-09-08,SIH26193,5
2026-09-08,SIH26194,3
2026-09-08,SIH26195,2
2026-09-08,SIH26196,2
2026-09-08,SIH26197,7
2026-09-08,SIH26198,6
2026-09-08,SIH26199,4
2026-09-08,SIH26200,1
2026-09-08,SIH26201,1
2026-09-08,SIH26202,4
2026-09-08,SIH26204,6
2026-09-08,SIH26205,7
2026-09-08,SIH26206,11
2026-09-08,SIH26207,8
2026-09-08,SIH26208,2
2026-09-08,SIH26210,2
2026-09-08,SIH26212,2
2026-09-08,SIH26214,1
2026-09-08,SIH26215,2
2026-09-08,SIH26217,6
2026-09-08,SIH26218,4
2026-09-08,SIH26219,3
2026-09-08,SIH26220,1
2026-09-08,SIH26222,5
2026-09-08,SIH26223,2
2026-09-08,SIH26226,1
2026-09-08,SIH26227,2
2026-09-08,SIH26228,1
2026-09-08,SIH26231,2
2026-09-08,SIH26236,1
2026-09-09,SIH26001,20
2026-09-09,SIH26002,9
2026-09-09,SIH26003,8
2026-09-09,SIH26004,1
2026-09-09,SIH26005,3
2026-09-09,SIH26006,4
2026-09-09,SIH26007,2
2026-09-09,SIH26008,3
2026-09-09,SIH26010,1
2026-09-09,SIH26014,1
2026-09-09,SIH26015,1
2026-09-09,SIH26016,2
2026-09-09,SIH26017,1
2026-09-09,SIH26018,5
2026-09-09,SIH26021,2
2026-09-09,SIH26022,2
2026-09-09,SIH26024,3
2026-09-09,SIH26025,3
2026-09-09,SIH26026,1
2026-09-09,SIH26027,3
2026-09-09,SIH26028,5
2026-09-09,SIH26029,1
2026-09-09,SIH26031,2
2026-09-09,SIH26032,12
2026-09-09,SIH26033,9
2026-09-09,SIH26034,11
2026-09-09,SIH26035,1
2026-09-09,SIH26036,1
2026-09-09,SIH26037,1
2026-09-09,SIH26038,5
2026-09-09,SIH26039,1
2026-09-09,SIH26040,10
2026-09-09,SIH26042,6
2026-09-09,SIH26043,5
2026-09-09,SIH26044,16
2026-09-09,SIH26045,5
2026-09-09,SIH26046,1
2026-09-09,SIH26047,23
2026-09-09,SIH26049,1
2026-09-09,SIH26050,3
2026-09-09,SIH26051,2
2026-09-09,SIH26052,3
2026-09-09,SIH26053,2
2026-09-09,SIH26054,2
2026-09-09,SIH26055,1
2026-09-09,SIH26056,2
2026-09-09,SIH26057,1
2026-09-09,SIH26058,1
2026-09-09,SIH26059,2
2026-09-09,SIH26060,1
2026-09-09,SIH26061,2
2026-09-09,SIH26064,1
2026-09-09,SIH26065,1
2026-09-09,SIH26066,1
2026-09-09,SIH26067,1
2026-09-09,SIH26068,17
2026-09-09,SIH26070,1
2026-09-09,SIH26071,3
2026-09-09,SIH26073,1
2026-09-09,SIH26074,1
2026-09-09,SIH26075,5
2026-09-09,SIH26076,2
2026-09-09,SIH26083,3
2026-09-09,SIH26085,3
2026-09-09,SIH26088,1
2026-09-09,SIH26089,4
2026-09-09,SIH26090,3
2026-09-09,SIH26091,5
2026-09-09,SIH26092,3
2026-09-09,SIH26093,4
2026-09-09,SIH26094,1
2026-09-09,SIH26095,7
2026-09-09,SIH26097,1
2026-09-09,SIH26098,1
2026-09-09,SIH26099,1
2026-09-09,SIH26100,5
2026-09-09,SIH26101,10
2026-09-09,SIH26102,5
2026-09-09,SIH26103,3
2026-09-09,SIH26104,10
2026-09-09,SIH26105,3
2026-09-09,SIH26106,5
2026-09-09,SIH26107,1
2026-09-09,SIH26110,2
2026-09-09,SIH26111,1
2026-09-09,SIH26112,3
2026-09-09,SIH26113,7
2026-09-09,SIH26117,7
2026-09-09,SIH26118,1
2026-09-09,SIH26120,1
2026-09-09,SIH26121,1
2026-09-09,SIH26122,3
2026-09-09,SIH26123,1
2026-09-09,SIH26124,3
2026-09-09,SIH26125,4
2026-09-09,SIH26127,3
2026-09-09,SIH26128,5
2026-09-09,SIH26129,2
2026-09-09,SIH26130,2
2026-09-09,SIH26131,15
2026-09-09,SIH26132,8
2026-09-09,SIH26133,10
2026-09-09,SIH26134,1
2026-09-09,SIH26135,1
2026-09-09,SIH26136,3
2026-09-09,SIH26137,1
2026-09-09,SIH26139,2
2026-09-09,SIH26140,1
2026-09-09,SIH26143,2
2026-09-09,SIH26145,3
2026-09-09,SIH26146,2
2026-09-09,SIH26149,2
2026-09-09,SIH26150,1
2026-09-09,SIH26151,2
2026-09-09,SIH26152,3
2026-09-09,SIH26153,4
2026-09-09,SIH26154,3
2026-09-09,SIH26155,3
2026-09-09,SIH26156,1
2026-09-09,SIH26158,1
2026-09-09,SIH26159,1
2026-09-09,SIH26162,1
2026-09-09,SIH26164,1
2026-09-09,SIH26165,2
2026-09-09,SIH26166,6
2026-09-09,SIH26167,2
2026-09-09,SIH26168,1
2026-09-09,SIH26170,3
2026-09-09,SIH26171,1
2026-09-09,SIH26172,3
2026-09-09,SIH26173,2
2026-09-09,SIH26174,2
2026-09-09,SIH26175,1
2026-09-09,SIH26176,4
2026-09-09,SIH26177,10
2026-09-09,SIH26178,5
2026-09-09,SIH26180,12
2026-09-09,SIH26181,3
2026-09-09,SIH26182,1
2026-09-09,SIH26183,3
2026-09-09,SIH26184,3
2026-09-09,SIH26185,1
2026-09-09,SIH26186,1
2026-09-09,SIH26187,7
2026-09-09,SIH26188,10
2026-09-09,SIH26189,6
2026-09-09,SIH26190,2
2026-09-09,SIH26191,2
2026-09-09,SIH26192,3
2026-09-09,SIH26193,7
2026-09-09,SIH26194,4
2026-09-09,SIH26195,4
2026-09-09,SIH26196,3
2026-09-09,SIH26197,10
2026-09-09,SIH26198,8
2026-09-09,SIH26199,7
2026-09-09,SIH26200,2
2026-09-09,SIH26201,1
2026-09-09,SIH26202,9
2026-09-09,SIH26203,1
2026-09-09,SIH26204,14
2026-09-09,SIH26205,7
2026-09-09,SIH26206,13
2026-09-09,SIH26207,13
2026-09-09,SIH26208,4
2026-09-09,SIH26209,1
2026-09-09,SIH26210,2
2026-09-09,SIH26212,3
2026-09-09,SIH26213,1
2026-09-09,SIH26214,1
2026-09-09,SIH26215,5
2026-09-09,SIH26216,2
2026-09-09,SIH26217,12
2026-09-09,SIH26218,5
2026-09-09,SIH26219,5
2026-09-09,SIH26220,7
2026-09-09,SIH26222,5
2026-09-09,SIH26223,2
2026-09-09,SIH26226,1
2026-09-09,SIH26227,2
2026-09-09,SIH26228,1
2026-09-09,SIH26229,1
2026-09-09,SIH26231,2
2026-09-09,SIH26233,1
2026-09-09,SIH26236,2
2026-09-10,SIH26001,25
2026-09-10,SIH26002,15
2026-09-10,SIH26003,13
2026-09-10,SIH26004,1
2026-09-10,SIH26005,4
2026-09-10,SIH26006,4
2026-09-10,SIH26007,4
2026-09-10,SIH26008,4
2026-09-10,SIH26010,1
2026-09-10,SIH26014,1
2026-09-10,SIH26015,2
2026-09-10,SIH26016,3
2026-09-10,SIH26017,2
2026-09-10,SIH26018,6
2026-09-10,SIH26021,2
2026-09-10,SIH26022,3
2026-09-10,SIH26024,3
2026-09-10,SIH26025,4
2026-09-10,SIH26026,2
2026-09-10,SIH26027,7
2026-09-10,SIH26028,7
2026-09-10,SIH26029,1
2026-09-10,SIH26031,2
2026-09-10,SIH26032,17
2026-09-10,SIH26033,11
2026-09-10,SIH26034,14
2026-09-10,SIH26035,1
2026-09-10,SIH26036,2
2026-09-10,SIH26037,2
2026-09-10,SIH26038,6
2026-09-10,SIH26039,5
2026-09-10,SIH26040,12
2026-09-10,SIH26042,8
2026-09-10,SIH26043,6
2026-09-10,SIH26044,23
2026-09-10,SIH26045,5
2026-09-10,SIH26046,1
2026-09-10,SIH26047,27
2026-09-10,SIH26049,2
2026-09-10,SIH26050,4
2026-09-10,SIH26051,3
2026-09-10,SIH26052,4
2026-09-10,SIH26053,3
2026-09-10,SIH26054,4
2026-09-10,SIH26055,1
2026-09-10,SIH26056,2
2026-09-10,SIH26057,2
2026-09-10,SIH26058,1
2026-09-10,SIH26059,3
2026-09-10,SIH26060,1
2026-09-10,SIH26061,2
2026-09-10,SIH26064,1
2026-09-10,SIH26065,1
2026-09-10,SIH26066,2
2026-09-10,SIH26067,2
2026-09-10,SIH26068,21
2026-09-10,SIH26070,1
2026-09-10,SIH26071,5
2026-09-10,SIH26073,1
2026-09-10,SIH26074,1
2026-09-10,SIH26075,6
2026-09-10,SIH26076,3
2026-09-10,SIH26082,1
2026-09-10,SIH26083,4
2026-09-10,SIH26085,3
2026-09-10,SIH26088,1
2026-09-10,SIH26089,7
2026-09-10,SIH26090,6
2026-09-10,SIH26091,6
2026-09-10,SIH26092,4
2026-09-10,SIH26093,4
2026-09-10,SIH26094,3
2026-09-10,SIH26095,8
2026-09-10,SIH26097,1
2026-09-10,SIH26098,1
2026-09-10,SIH26099,1
2026-09-10,SIH26100,5
2026-09-10,SIH26101,13
2026-09-10,SIH26102,8
2026-09-10,SIH26103,3
2026-09-10,SIH26104,13
2026-09-10,SIH26105,5
2026-09-10,SIH26106,8
2026-09-10,SIH26107,2
2026-09-10,SIH26108,1
2026-09-10,SIH26110,5
2026-09-10,SIH26111,2
2026-09-10,SIH26112,3
2026-09-10,SIH26113,9
2026-09-10,SIH26115,2
2026-09-10,SIH26117,11
2026-09-10,SIH26118,2
2026-09-10,SIH26119,1
2026-09-10,SIH26120,1
2026-09-10,SIH26121,1
2026-09-10,SIH26122,3
2026-09-10,SIH26123,4
2026-09-10,SIH26124,5
2026-09-10,SIH26125,5
2026-09-10,SIH26126,1
2026-09-10,SIH26127,3
2026-09-10,SIH26128,5
2026-09-10,SIH26129,4
2026-09-10,SIH26130,3
2026-09-10,SIH26131,18
2026-09-10,SIH26132,9
2026-09-10,SIH26133,16
2026-09-10,SIH26134,3
2026-09-10,SIH26135,3
2026-09-10,SIH26136,5
2026-09-10,SIH26137,1
2026-09-10,SIH26139,3
2026-09-10,SIH26140,2
2026-09-10,SIH26142,1
2026-09-10,SIH26143,5
2026-09-10,SIH26145,3
2026-09-10,SIH26146,3
2026-09-10,SIH26149,3
2026-09-10,SIH26150,1
2026-09-10,SIH26151,2
2026-09-10,SIH26152,3
2026-09-10,SIH26153,5
2026-09-10,SIH26154,5
2026-09-10,SIH26155,3
2026-09-10,SIH26156,1
2026-09-10,SIH26157,1
2026-09-10,SIH26158,2
2026-09-10,SIH26159,1
2026-09-10,SIH26160,1
2026-09-10,SIH26162,3
2026-09-10,SIH26164,1
2026-09-10,SIH26165,2
2026-09-10,SIH26166,7
2026-09-10,SIH26167,5
2026-09-10,SIH26168,2
2026-09-10,SIH26170,4
2026-09-10,SIH26171,2
2026-09-10,SIH26172,3
2026-09-10,SIH26173,3
2026-09-10,SIH26174,2
2026-09-10,SIH26175,3
2026-09-10,SIH26176,5
2026-09-10,SIH26177,12
2026-09-10,SIH26178,7
2026-09-10,SIH26180,15
2026-09-10,SIH26181,7
2026-09-10,SIH26182,2
2026-09-10,SIH26183,4
2026-09-10,SIH26184,4
2026-09-10,SIH26185,1
2026-09-10,SIH26186,1
2026-09-10,SIH26187,9
2026-09-10,SIH26188,13
2026-09-10,SIH26189,8
2026-09-10,SIH26190,5
2026-09-10,SIH26191,3
2026-09-10,SIH26192,3
2026-09-10,SIH26193,8
2026-09-10,SIH26194,6
2026-09-10,SIH26195,6
2026-09-10,SIH26196,5
2026-09-10,SIH26197,10
2026-09-10,SIH26198,15
2026-09-10,SIH26199,7
2026-09-10,SIH26200,3
2026-09-10,SIH26201,2
2026-09-10,SIH26202,10
2026-09-10,SIH26203,1
2026-09-10,SIH26204,22
2026-09-10,SIH26205,12
2026-09-10,SIH26206,14
2026-09-10,SIH26207,19
2026-09-10,SIH26208,5
2026-09-10,SIH26209,1
2026-09-10,SIH26210,6
2026-09-10,SIH26212,3
2026-09-10,SIH26213,1
2026-09-10,SIH26214,1
2026-09-10,SIH26215,8
2026-09-10,SIH26216,2
2026-09-10,SIH26217,14
2026-09-10,SIH26218,7
2026-09-10,SIH26219,8
2026-09-10,SIH26220,9
2026-09-10,SIH26222,5
2026-09-10,SIH26223,7
2026-09-10,SIH26224,1
2026-09-10,SIH26225,1
2026-09-10,SIH26226,1
2026-09-10,SIH26227,2
2026-09-10,SIH26228,2
2026-09-10,SIH26229,1
2026-09-10,SIH26230,1
2026-09-10,SIH26231,2
2026-09-10,SIH26233,1
2026-09-10,SIH26236,2
2026-09-10,SIH26237,1
2026-09-11,SIH26001,38
2026-09-11,SIH26002,18
2026-09-11,SIH26003,17
2026-09-11,SIH26004,2
2026-09-11,SIH26005,9
2026-09-11,SIH26006,4
2026-09-11,SIH26007,8
2026-09-11,SIH26008,4
2026-09-11,SIH26009,2
2026-09-11,SIH26010,2
2026-09-11,SIH26011,1
2026-09-11,SIH26012,1
2026-09-11,SIH26014,2
2026-09-11,SIH26015,2
2026-09-11,SIH26016,3
2026-09-11,SIH26017,4
2026-09-11,SIH26018,8
2026-09-11,SIH26020,1
2026-09-11,SIH26021,4
2026-09-11,SIH26022,4
2026-09-11,SIH26024,3
2026-09-11,SIH26025,7
2026-09-11,SIH26026,2
2026-09-11,SIH26027,8
2026-09-11,SIH26028,7
2026-09-11,SIH26029,1
2026-09-11,SIH26031,2
2026-09-11,SIH26032,21
2026-09-11,SIH26033,18
2026-09-11,SIH26034,18
2026-09-11,SIH26035,1
2026-09-11,SIH26036,3
2026-09-11,SIH26037,5
2026-09-11,SIH26038,7
2026-09-11,SIH26039,9
2026-09-11,SIH26040,17
2026-09-11,SIH26042,12
2026-09-11,SIH26043,8
2026-09-11,SIH26044,31
2026-09-11,SIH26045,6
2026-09-11,SIH26046,1
2026-09-11,SIH26047,43
2026-09-11,SIH26049,3
2026-09-11,SIH26050,5
2026-09-11,SIH26051,4
2026-09-11,SIH26052,4
2026-09-11,SIH26053,3
2026-09-11,SIH26054,5
2026-09-11,SIH26055,2
2026-09-11,SIH26056,2
2026-09-11,SIH26057,4
2026-09-11,SIH26058,2
2026-09-11,SIH26059,4
2026-09-11,SIH26060,2
2026-09-11,SIH26061,2
2026-09-11,SIH26064,1
2026-09-11,SIH26065,1
2026-09-11,SIH26066,3
2026-09-11,SIH26067,2
2026-09-11,SIH26068,24
2026-09-11,SIH26070,1
2026-09-11,SIH26071,6
2026-09-11,SIH26073,2
2026-09-11,SIH26074,1
2026-09-11,SIH26075,7
2026-09-11,SIH26076,4
2026-09-11,SIH26082,2
2026-09-11,SIH26083,4
2026-09-11,SIH26085,3
2026-09-11,SIH26087,1
2026-09-11,SIH26088,1
2026-09-11,SIH26089,12
2026-09-11,SIH26090,9
2026-09-11,SIH26091,9
2026-09-11,SIH26092,6
2026-09-11,SIH26093,7
2026-09-11,SIH26094,6
2026-09-11,SIH26095,10
2026-09-11,SIH26097,1
2026-09-11,SIH26098,1
2026-09-11,SIH26099,2
2026-09-11,SIH26100,6
2026-09-11,SIH26101,15
2026-09-11,SIH26102,11
2026-09-11,SIH26103,4
2026-09-11,SIH26104,19
2026-09-11,SIH26105,5
2026-09-11,SIH26106,13
2026-09-11,SIH26107,2
2026-09-11,SIH26108,1
2026-09-11,SIH26110,6
2026-09-11,SIH26111,2
2026-09-11,SIH26112,3
2026-09-11,SIH26113,11
2026-09-11,SIH26115,4
2026-09-11,SIH26117,14
2026-09-11,SIH26118,3
2026-09-11,SIH26119,1
2026-09-11,SIH26120,1
2026-09-11,SIH26121,1
2026-09-11,SIH26122,3
2026-09-11,SIH26123,4
2026-09-11,SIH26124,5
2026-09-11,SIH26125,6
2026-09-11,SIH26126,2
2026-09-11,SIH26127,4
2026-09-11,SIH26128,8
2026-09-11,SIH26129,7
2026-09-11,SIH26130,3
2026-09-11,SIH26131,25
2026-09-11,SIH26132,12
2026-09-11,SIH26133,20
2026-09-11,SIH26134,4
2026-09-11,SIH26135,5
2026-09-11,SIH26136,5
2026-09-11,SIH26137,1
2026-09-11,SIH26139,5
2026-09-11,SIH26140,3
2026-09-11,SIH26141,1
2026-09-11,SIH26142,1
2026-09-11,SIH26143,5
2026-09-11,SIH26145,6
2026-09-11,SIH26146,3
2026-09-11,SIH26149,4
2026-09-11,SIH26150,2
2026-09-11,SIH26151,2
2026-09-11,SIH26152,4
2026-09-11,SIH26153,8
2026-09-11,SIH26154,5
2026-09-11,SIH26155,3
2026-09-11,SIH26156,1
2026-09-11,SIH26157,1
2026-09-11,SIH26158,3
2026-09-11,SIH26159,1
2026-09-11,SIH26160,1
2026-09-11,SIH26162,4
2026-09-11,SIH26164,3
2026-09-11,SIH26165,2
2026-09-11,SIH26166,9
2026-09-11,SIH26167,9
2026-09-11,SIH26168,2
2026-09-11,SIH26170,4
2026-09-11,SIH26171,4
2026-09-11,SIH26172,4
2026-09-11,SIH26173,3
2026-09-11,SIH26174,2
2026-09-11,SIH26175,3
2026-09-11,SIH26176,6
2026-09-11,SIH26177,13
2026-09-11,SIH26178,11
2026-09-11,SIH26180,18
2026-09-11,SIH26181,8
2026-09-11,SIH26182,2
2026-09-11,SIH26183,4
2026-09-11,SIH26184,8
2026-09-11,SIH26185,1
2026-09-11,SIH26186,1
2026-09-11,SIH26187,12
2026-09-11,SIH26188,15
2026-09-11,SIH26189,16
2026-09-11,SIH26190,6
2026-09-11,SIH26191,3
2026-09-11,SIH26192,4
2026-09-11,SIH26193,11
2026-09-11,SIH26194,7
2026-09-11,SIH26195,6
2026-09-11,SIH26196,7
2026-09-11,SIH26197,13
2026-09-11,SIH26198,21
2026-09-11,SIH26199,11
2026-09-11,SIH26200,4
2026-09-11,SIH26201,3
2026-09-11,SIH26202,14
2026-09-11,SIH26203,2
2026-09-11,SIH26204,26
2026-09-11,SIH26205,13
2026-09-11,SIH26206,16
2026-09-11,SIH26207,25
2026-09-11,SIH26208,8
2026-09-11,SIH26209,3
2026-09-11,SIH26210,12
2026-09-11,SIH26212,5
2026-09-11,SIH26213,1
2026-09-11,SIH26214,2
2026-09-11,SIH26215,10
2026-09-11,SIH26216,3
2026-09-11,SIH26217,20
2026-09-11,SIH26218,7
2026-09-11,SIH26219,11
2026-09-11,SIH26220,12
2026-09-11,SIH26222,8
2026-09-11,SIH26223,14
2026-09-11,SIH26224,4
2026-09-11,SIH26225,1
2026-09-11,SIH26226,3
2026-09-11,SIH26227,3
2026-09-11,SIH26228,2
2026-09-11,SIH26229,3
2026-09-11,SIH26230,1
2026-09-11,SIH26231,3
2026-09-11,SIH26233,1
2026-09-11,SIH26234,1
2026-09-11,SIH26235,1
2026-09-11,SIH26236,3
2026-09-11,SIH26237,2
2026-09-11,SIH26238,1
2026-09-12,SIH26001,56
2026-09-12,SIH26002,21
2026-09-12,SIH26003,26
2026-09-12,SIH26004,3
2026-09-12,SIH26005,16
2026-09-12,SIH26006,4
2026-09-12,SIH26007,12
2026-09-12,SIH26008,6
2026-09-12,SIH26009,2
2026-09-12,SIH26010,3
2026-09-12,SIH26011,4
2026-09-12,SIH26012,3
2026-09-12,SIH26014,3
2026-09-12,SIH26015,2
2026-09-12,SIH26016,5
2026-09-12,SIH26017,7
2026-09-12,SIH26018,13
2026-09-12,SIH26019,1
2026-09-12,SIH26020,3
2026-09-12,SIH26021,5
2026-09-12,SIH26022,7
2026-09-12,SIH26024,3
2026-09-12,SIH26025,10
2026-09-12,SIH26026,3
2026-09-12,SIH26027,9
2026-09-12,SIH26028,8
2026-09-12,SIH26029,2
2026-09-12,SIH26031,2
2026-09-12,SIH26032,33
2026-09-12,SIH26033,27
2026-09-12,SIH26034,27
2026-09-12,SIH26035,3
2026-09-12,SIH26036,6
2026-09-12,SIH26037,11
2026-09-12,SIH26038,12
2026-09-12,SIH26039,12
2026-09-12,SIH26040,21
2026-09-12,SIH26041,2
2026-09-12,SIH26042,15
2026-09-12,SIH26043,12
2026-09-12,SIH26044,38
2026-09-12,SIH26045,8
2026-09-12,SIH26046,2
2026-09-12,SIH26047,49
2026-09-12,SIH26049,3
2026-09-12,SIH26050,8
2026-09-12,SIH26051,7
2026-09-12,SIH26052,5
2026-09-12,SIH26053,4
2026-09-12,SIH26054,8
2026-09-12,SIH26055,2
2026-09-12,SIH26056,6
2026-09-12,SIH26057,6
2026-09-12,SIH26058,2
2026-09-12,SIH26059,5
2026-09-12,SIH26060,2
2026-09-12,SIH26061,4
2026-09-12,SIH26064,1
2026-09-12,SIH26065,2
2026-09-12,SIH26066,4
2026-09-12,SIH26067,3
2026-09-12,SIH26068,33
2026-09-12,SIH26070,2
2026-09-12,SIH26071,8
2026-09-12,SIH26072,1
2026-09-12,SIH26073,2
2026-09-12,SIH26074,1
2026-09-12,SIH26075,9
2026-09-12,SIH26076,4
2026-09-12,SIH26082,3
2026-09-12,SIH26083,4
2026-09-12,SIH26085,6
2026-09-12,SIH26086,1
2026-09-12,SIH26087,1
2026-09-12,SIH26088,2
2026-09-12,SIH26089,19
2026-09-12,SIH26090,12
2026-09-12,SIH26091,10
2026-09-12,SIH26092,13
2026-09-12,SIH26093,7
2026-09-12,SIH26094,6
2026-09-12,SIH26095,12
2026-09-12,SIH26097,1
2026-09-12,SIH26098,3
2026-09-12,SIH26099,2
2026-09-12,SIH26100,6
2026-09-12,SIH26101,22
2026-09-12,SIH26102,13
2026-09-12,SIH26103,4
2026-09-12,SIH26104,28
2026-09-12,SIH26105,6
2026-09-12,SIH26106,17
2026-09-12,SIH26107,4
2026-09-12,SIH26108,1
2026-09-12,SIH26109,1
2026-09-12,SIH26110,7
2026-09-12,SIH26111,5
2026-09-12,SIH26112,3
2026-09-12,SIH26113,12
2026-09-12,SIH26115,4
2026-09-12,SIH26117,16
2026-09-12,SIH26118,5
2026-09-12,SIH26119,2
2026-09-12,SIH26120,2
2026-09-12,SIH26121,1
2026-09-12,SIH26122,4
2026-09-12,SIH26123,4
2026-09-12,SIH26124,10
2026-09-12,SIH26125,6
2026-09-12,SIH26126,3
2026-09-12,SIH26127,7
2026-09-12,SIH26128,10
2026-09-12,SIH26129,12
2026-09-12,SIH26130,3
2026-09-12,SIH26131,31
2026-09-12,SIH26132,20
2026-09-12,SIH26133,24
2026-09-12,SIH26134,5
2026-09-12,SIH26135,6
2026-09-12,SIH26136,7
2026-09-12,SIH26137,1
2026-09-12,SIH26138,1
2026-09-12,SIH26139,6
2026-09-12,SIH26140,5
2026-09-12,SIH26141,2
2026-09-12,SIH26142,2
2026-09-12,SIH26143,9
2026-09-12,SIH26145,9
2026-09-12,SIH26146,4
2026-09-12,SIH26147,1
2026-09-12,SIH26149,4
2026-09-12,SIH26150,2
2026-09-12,SIH26151,2
2026-09-12,SIH26152,5
2026-09-12,SIH26153,8
2026-09-12,SIH26154,8
2026-09-12,SIH26155,4
2026-09-12,SIH26156,1
2026-09-12,SIH26157,1
2026-09-12,SIH26158,4
2026-09-12,SIH26159,1
2026-09-12,SIH26160,1
2026-09-12,SIH26162,4
2026-09-12,SIH26164,4
2026-09-12,SIH26165,2
2026-09-12,SIH26166,10
2026-09-12,SIH26167,13
2026-09-12,SIH26168,5
2026-09-12,SIH26170,5
2026-09-12,SIH26171,5
2026-09-12,SIH26172,6
2026-09-12,SIH26173,3
2026-09-12,SIH26174,4
2026-09-12,SIH26175,3
2026-09-12,SIH26176,7
2026-09-12,SIH26177,16
2026-09-12,SIH26178,13
2026-09-12,SIH26179,1
2026-09-12,SIH26180,24
2026-09-12,SIH26181,14
2026-09-12,SIH26182,3
2026-09-12,SIH26183,4
2026-09-12,SIH26184,9
2026-09-12,SIH26185,2
2026-09-12,SIH26186,2
2026-09-12,SIH26187,18
2026-09-12,SIH26188,25
2026-09-12,SIH26189,24
2026-09-12,SIH26190,8
2026-09-12,SIH26191,5
2026-09-12,SIH26192,8
2026-09-12,SIH26193,15
2026-09-12,SIH26194,7
2026-09-12,SIH26195,13
2026-09-12,SIH26196,10
2026-09-12,SIH26197,15
2026-09-12,SIH26198,26
2026-09-12,SIH26199,12
2026-09-12,SIH26200,5
2026-09-12,SIH26201,3
2026-09-12,SIH26202,19
2026-09-12,SIH26203,4
2026-09-12,SIH26204,30
2026-09-12,SIH26205,18
2026-09-12,SIH26206,22
2026-09-12,SIH26207,37
2026-09-12,SIH26208,9
2026-09-12,SIH26209,3
2026-09-12,SIH26210,15
2026-09-12,SIH26211,1
2026-09-12,SIH26212,17
2026-09-12,SIH26213,2
2026-09-12,SIH26214,3
2026-09-12,SIH26215,16
2026-09-12,SIH26216,5
2026-09-12,SIH26217,29
2026-09-12,SIH26218,7
2026-09-12,SIH26219,12
2026-09-12,SIH26220,17
2026-09-12,SIH26222,9
2026-09-12,SIH26223,20
2026-09-12,SIH26224,4
2026-09-12,SIH26225,1
2026-09-12,SIH26226,3
2026-09-12,SIH26227,3
2026-09-12,SIH26228,2
2026-09-12,SIH26229,4
2026-09-12,SIH26230,2
2026-09-12,SIH26231,3
2026-09-12,SIH26233,1
2026-09-12,SIH26234,3
2026-09-12,SIH26235,1
2026-09-12,SIH26236,3
2026-09-12,SIH26237,2
2026-09-12,SIH26238,2
2026-09-12,SIH26240,1
2026-09-13,SIH26001,63
2026-09-13,SIH26002,27
2026-09-13,SIH26003,37
2026-09-13,SIH26004,3
2026-09-13,SIH26005,23
2026-09-13,SIH26006,7
2026-09-13,SIH26007,14
2026-09-13,SIH26008,8
2026-09-13,SIH26009,3
2026-09-13,SIH26010,3
2026-09-13,SIH26011,5
2026-09-13,SIH26012,4
2026-09-13,SIH26013,1
2026-09-13,SIH26014,4
2026-09-13,SIH26015,3
2026-09-13,SIH26016,8
2026-09-13,SIH26017,8
2026-09-13,SIH26018,14
2026-09-13,SIH26019,2
2026-09-13,SIH26020,4
2026-09-13,SIH26021,10
2026-09-13,SIH26022,12
2026-09-13,SIH26023,1
2026-09-13,SIH26024,5
2026-09-13,SIH26025,14
2026-09-13,SIH26026,7
2026-09-13,SIH26027,12
2026-09-13,SIH26028,9
2026-09-13,SIH26029,2
2026-09-13,SIH26031,4
2026-09-13,SIH26032,45
2026-09-13,SIH26033,36
2026-09-13,SIH26034,35
2026-09-13,SIH26035,4
2026-09-13,SIH26036,8
2026-09-13,SIH26037,13
2026-09-13,SIH26038,14
2026-09-13,SIH26039,15
2026-09-13,SIH26040,24
2026-09-13,SIH26041,4
2026-09-13,SIH26042,17
2026-09-13,SIH26043,20
2026-09-13,SIH26044,46
2026-09-13,SIH26045,8
2026-09-13,SIH26046,4
2026-09-13,SIH26047,61
2026-09-13,SIH26049,3
2026-09-13,SIH26050,10
2026-09-13,SIH26051,9
2026-09-13,SIH26052,5
2026-09-13,SIH26053,5
2026-09-13,SIH26054,10
2026-09-13,SIH26055,3
2026-09-13,SIH26056,7
2026-09-13,SIH26057,6
2026-09-13,SIH26058,2
2026-09-13,SIH26059,6
2026-09-13,SIH26060,3
2026-09-13,SIH26061,6
2026-09-13,SIH26063,1
2026-09-13,SIH26064,2
2026-09-13,SIH26065,3
2026-09-13,SIH26066,5
2026-09-13,SIH26067,3
2026-09-13,SIH26068,37
2026-09-13,SIH26070,2
2026-09-13,SIH26071,9
2026-09-13,SIH26072,1
2026-09-13,SIH26073,2
2026-09-13,SIH26074,1
2026-09-13,SIH26075,10
2026-09-13,SIH26076,5
2026-09-13,SIH26081,1
2026-09-13,SIH26082,3
2026-09-13,SIH26083,5
2026-09-13,SIH26085,8
2026-09-13,SIH26086,1
2026-09-13,SIH26087,1
2026-09-13,SIH26088,2
2026-09-13,SIH26089,26
2026-09-13,SIH26090,15
2026-09-13,SIH26091,18
2026-09-13,SIH26092,16
2026-09-13,SIH26093,8
2026-09-13,SIH26094,8
2026-09-13,SIH26095,16
2026-09-13,SIH26097,3
2026-09-13,SIH26098,4
2026-09-13,SIH26099,4
2026-09-13,SIH26100,8
2026-09-13,SIH26101,28
2026-09-13,SIH26102,16
2026-09-13,SIH26103,6
2026-09-13,SIH26104,32
2026-09-13,SIH26105,7
2026-09-13,SIH26106,22
2026-09-13,SIH26107,5
2026-09-13,SIH26108,1
2026-09-13,SIH26109,4
2026-09-13,SIH26110,11
2026-09-13,SIH26111,5
2026-09-13,SIH26112,3
2026-09-13,SIH26113,13
2026-09-13,SIH26115,5
2026-09-13,SIH26117,19
2026-09-13,SIH26118,5
2026-09-13,SIH26119,2
2026-09-13,SIH26120,2
2026-09-13,SIH26121,2
2026-09-13,SIH26122,7
2026-09-13,SIH26123,5
2026-09-13,SIH26124,12
2026-09-13,SIH26125,8
2026-09-13,SIH26126,3
2026-09-13,SIH26127,9
2026-09-13,SIH26128,12
2026-09-13,SIH26129,13
2026-09-13,SIH26130,4
2026-09-13,SIH26131,42
2026-09-13,SIH26132,36
2026-09-13,SIH26133,30
2026-09-13,SIH26134,6
2026-09-13,SIH26135,6
2026-09-13,SIH26136,7
2026-09-13,SIH26137,3
2026-09-13,SIH26138,2
2026-09-13,SIH26139,6
2026-09-13,SIH26140,6
2026-09-13,SIH26141,3
2026-09-13,SIH26142,2
2026-09-13,SIH26143,11
2026-09-13,SIH26145,11
2026-09-13,SIH26146,5
2026-09-13,SIH26147,2
2026-09-13,SIH26149,5
2026-09-13,SIH26150,2
2026-09-13,SIH26151,3
2026-09-13,SIH26152,6
2026-09-13,SIH26153,9
2026-09-13,SIH26154,10
2026-09-13,SIH26155,6
2026-09-13,SIH26156,1
2026-09-13,SIH26157,1
2026-09-13,SIH26158,4
2026-09-13,SIH26159,1
2026-09-13,SIH26160,1
2026-09-13,SIH26161,2
2026-09-13,SIH26162,5
2026-09-13,SIH26164,6
2026-09-13,SIH26165,2
2026-09-13,SIH26166,12
2026-09-13,SIH26167,16
2026-09-13,SIH26168,9
2026-09-13,SIH26170,5
2026-09-13,SIH26171,8
2026-09-13,SIH26172,6
2026-09-13,SIH26173,3
2026-09-13,SIH26174,4
2026-09-13,SIH26175,4
2026-09-13,SIH26176,10
2026-09-13,SIH26177,17
2026-09-13,SIH26178,15
2026-09-13,SIH26179,2
2026-09-13,SIH26180,26
2026-09-13,SIH26181,15
2026-09-13,SIH26182,3
2026-09-13,SIH26183,5
2026-09-13,SIH26184,10
2026-09-13,SIH26185,4
2026-09-13,SIH26186,5
2026-09-13,SIH26187,19
2026-09-13,SIH26188,31
2026-09-13,SIH26189,28
2026-09-13,SIH26190,13
2026-09-13,SIH26191,6
2026-09-13,SIH26192,11
2026-09-13,SIH26193,20
2026-09-13,SIH26194,7
2026-09-13,SIH26195,18
2026-09-13,SIH26196,12
2026-09-13,SIH26197,16
2026-09-13,SIH26198,35
2026-09-13,SIH26199,16
2026-09-13,SIH26200,5
2026-09-13,SIH26201,3
2026-09-13,SIH26202,22
2026-09-13,SIH26203,4
2026-09-13,SIH26204,36
2026-09-13,SIH26205,22
2026-09-13,SIH26206,30
2026-09-13,SIH26207,45
2026-09-13,SIH26208,12
2026-09-13,SIH26209,5
2026-09-13,SIH26210,18
2026-09-13,SIH26211,1
2026-09-13,SIH26212,21
2026-09-13,SIH26213,3
2026-09-13,SIH26214,3
2026-09-13,SIH26215,20
2026-09-13,SIH26216,7
2026-09-13,SIH26217,37
2026-09-13,SIH26218,10
2026-09-13,SIH26219,14
2026-09-13,SIH26220,21
2026-09-13,SIH26222,12
2026-09-13,SIH26223,22
2026-09-13,SIH26224,6
2026-09-13,SIH26225,2
2026-09-13,SIH26226,3
2026-09-13,SIH26227,3
2026-09-13,SIH26228,4
2026-09-13,SIH26229,6
2026-09-13,SIH26230,3
2026-09-13,SIH26231,3
2026-09-13,SIH26233,1
2026-09-13,SIH26234,3
2026-09-13,SIH26235,2
2026-09-13,SIH26236,5
2026-09-13,SIH26237,2
2026-09-13,SIH26238,4
2026-09-13,SIH26240,4
2026-09-14,SIH26001,68
2026-09-14,SIH26002,29
2026-09-14,SIH26003,40
2026-09-14,SIH26004,4
2026-09-14,SIH26005,25
2026-09-14,SIH26006,7
2026-09-14,SIH26007,15
2026-09-14,SIH26008,8
2026-09-14,SIH26009,4
2026-09-14,SIH26010,4
2026-09-14,SIH26011,5
2026-09-14,SIH26012,4
2026-09-14,SIH26013,1
2026-09-14,SIH26014,4
2026-09-14,SIH26015,3
2026-09-14,SIH26016,11
2026-09-14,SIH26017,8
2026-09-14,SIH26018,16
2026-09-14,SIH26019,2
2026-09-14,SIH26020,4
2026-09-14,SIH26021,10
2026-09-14,SIH26022,12
2026-09-14,SIH26023,2
2026-09-14,SIH26024,7
2026-09-14,SIH26025,14
2026-09-14,SIH26026,8
2026-09-14,SIH26027,15
2026-09-14,SIH26028,11
2026-09-14,SIH26029,2
2026-09-14,SIH26031,4
2026-09-14,SIH26032,46
2026-09-14,SIH26033,42
2026-09-14,SIH26034,41
2026-09-14,SIH26035,4
2026-09-14,SIH26036,8
2026-09-14,SIH26037,16
2026-09-14,SIH26038,18
2026-09-14,SIH26039,17
2026-09-14,SIH26040,26
2026-09-14,SIH26041,4
2026-09-14,SIH26042,18
2026-09-14,SIH26043,24
2026-09-14,SIH26044,52
2026-09-14,SIH26045,9
2026-09-14,SIH26046,4
2026-09-14,SIH26047,70
2026-09-14,SIH26049,3
2026-09-14,SIH26050,10
2026-09-14,SIH26051,10
2026-09-14,SIH26052,6
2026-09-14,SIH26053,5
2026-09-14,SIH26054,11
2026-09-14,SIH26055,3
2026-09-14,SIH26056,8
2026-09-14,SIH26057,6
2026-09-14,SIH26058,2
2026-09-14,SIH26059,8
2026-09-14,SIH26060,3
2026-09-14,SIH26061,6
2026-09-14,SIH26063,1
2026-09-14,SIH26064,2
2026-09-14,SIH26065,4
2026-09-14,SIH26066,6
2026-09-14,SIH26067,4
2026-09-14,SIH26068,39
2026-09-14,SIH26069,1
2026-09-14,SIH26070,4
2026-09-14,SIH26071,9
2026-09-14,SIH26072,1
2026-09-14,SIH26073,3
2026-09-14,SIH26074,1
2026-09-14,SIH26075,10
2026-09-14,SIH26076,6
2026-09-14,SIH26081,1
2026-09-14,SIH26082,4
2026-09-14,SIH26083,5
2026-09-14,SIH26085,9
2026-09-14,SIH26086,1
2026-09-14,SIH26087,1
2026-09-14,SIH26088,2
2026-09-14,SIH26089,28
2026-09-14,SIH26090,18
2026-09-14,SIH26091,21
2026-09-14,SIH26092,19
2026-09-14,SIH26093,8
2026-09-14,SIH26094,9
2026-09-14,SIH26095,18
2026-09-14,SIH26097,3
2026-09-14,SIH26098,5
2026-09-14,SIH26099,4
2026-09-14,SIH26100,10
2026-09-14,SIH26101,35
2026-09-14,SIH26102,18
2026-09-14,SIH26103,8
2026-09-14,SIH26104,36
2026-09-14,SIH26105,7
2026-09-14,SIH26106,23
2026-09-14,SIH26107,6
2026-09-14,SIH26108,1
2026-09-14,SIH26109,4
2026-09-14,SIH26110,12
2026-09-14,SIH26111,6
2026-09-14,SIH26112,4
2026-09-14,SIH26113,13
2026-09-14,SIH26115,5
2026-09-14,SIH26117,21
2026-09-14,SIH26118,5
2026-09-14,SIH26119,2
2026-09-14,SIH26120,2
2026-09-14,SIH26121,2
2026-09-14,SIH26122,8
2026-09-14,SIH26123,5
2026-09-14,SIH26124,13
2026-09-14,SIH26125,11
2026-09-14,SIH26126,4
2026-09-14,SIH26127,10
2026-09-14,SIH26128,12
2026-09-14,SIH26129,14
2026-09-14,SIH26130,5
2026-09-14,SIH26131,46
2026-09-14,SIH26132,41
2026-09-14,SIH26133,31
2026-09-14,SIH26134,8
2026-09-14,SIH26135,7
2026-09-14,SIH26136,7
2026-09-14,SIH26137,4
2026-09-14,SIH26138,2
2026-09-14,SIH26139,8
2026-09-14,SIH26140,6
2026-09-14,SIH26141,4
2026-09-14,SIH26142,3
2026-09-14,SIH26143,14
2026-09-14,SIH26145,11
2026-09-14,SIH26146,5
2026-09-14,SIH26147,2
2026-09-14,SIH26149,5
2026-09-14,SIH26150,2
2026-09-14,SIH26151,4
2026-09-14,SIH26152,8
2026-09-14,SIH26153,9
2026-09-14,SIH26154,10
2026-09-14,SIH26155,7
2026-09-14,SIH26156,1
2026-09-14,SIH26157,1
2026-09-14,SIH26158,5
2026-09-14,SIH26159,1
2026-09-14,SIH26160,2
2026-09-14,SIH26161,2
2026-09-14,SIH26162,7
2026-09-14,SIH26164,7
2026-09-14,SIH26165,3
2026-09-14,SIH26166,14
2026-09-14,SIH26167,19
2026-09-14,SIH26168,9
2026-09-14,SIH26169,1
2026-09-14,SIH26170,5
2026-09-14,SIH26171,8
2026-09-14,SIH26172,8
2026-09-14,SIH26173,4
2026-09-14,SIH26174,4
2026-09-14,SIH26175,5
2026-09-14,SIH26176,11
2026-09-14,SIH26177,17
2026-09-14,SIH26178,15
2026-09-14,SIH26179,2
2026-09-14,SIH26180,27
2026-09-14,SIH26181,16
2026-09-14,SIH26182,3
2026-09-14,SIH26183,6
2026-09-14,SIH26184,10
2026-09-14,SIH26185,4
2026-09-14,SIH26186,7
2026-09-14,SIH26187,20
2026-09-14,SIH26188,32
2026-09-14,SIH26189,31
2026-09-14,SIH26190,16
2026-09-14,SIH26191,7
2026-09-14,SIH26192,11
2026-09-14,SIH26193,23
2026-09-14,SIH26194,7
2026-09-14,SIH26195,19
2026-09-14,SIH26196,13
2026-09-14,SIH26197,20
2026-09-14,SIH26198,37
2026-09-14,SIH26199,17
2026-09-14,SIH26200,5
2026-09-14,SIH26201,3
2026-09-14,SIH26202,26
2026-09-14,SIH26203,4
2026-09-14,SIH26204,37
2026-09-14,SIH26205,23
2026-09-14,SIH26206,33
2026-09-14,SIH26207,51
2026-09-14,SIH26208,13
2026-09-14,SIH26209,6
2026-09-14,SIH26210,18
2026-09-14,SIH26211,1
2026-09-14,SIH26212,23
2026-09-14,SIH26213,3
2026-09-14,SIH26214,3
2026-09-14,SIH26215,20
2026-09-14,SIH26216,7
2026-09-14,SIH26217,38
2026-09-14,SIH26218,10
2026-09-14,SIH26219,14
2026-09-14,SIH26220,23
2026-09-14,SIH26222,14
2026-09-14,SIH26223,24
2026-09-14,SIH26224,6
2026-09-14,SIH26225,2
2026-09-14,SIH26226,3
2026-09-14,SIH26227,3
2026-09-14,SIH26228,5
2026-09-14,SIH26229,8
2026-09-14,SIH26230,3
2026-09-14,SIH26231,4
2026-09-14,SIH26233,1
2026-09-14,SIH26234,3
2026-09-14,SIH26235,3
2026-09-14,SIH26236,5
2026-09-14,SIH26237,3
2026-09-14,SIH26238,4
2026-09-14,SIH26240,4
